Workbook

Sheet RESPOSTAS
A1: Carimbo de data/hora | B1: Data | C1: Setor | D1: 1. Sua demanda de trabalho é mal distribuída? Ocorre excesso de trabalho devido a isso? | E1: 2. Com qual frequência, acaba se encontrando sem tempo para completar todas as tarefas do seu trabalho? | F1: 3. Precisa trabalhar em um ritmo muito rápido? | G1: 4. O seu trabalho exige a sua atenção constante? | H1: 5. O seu trabalho exige que tome decisões difíceis? | I1: 6. O seu trabalho exige controle emocional? | J1: 7. No trabalho, sua função possui um certo nível de influência, no que diz respeito a hierarquia da empresa? | K1: 8. O seu trabalho exige que tenha iniciativa? | L1: 9. O seu trabalho permite o desenvolvimento de atividades novas? | M1: 10. No seu local de trabalho, é informado com antecedência sobre decisões importantes, mudanças ou planos para o futuro? | N1: 11. Recebe toda a informação de que necessita para fazer bem o seu trabalho? | O1: 12. Sabe exatamente quais são as suas responsabilidades? Realiza suas atividades de rotina sem precisar ser cobrado? | P1: 13. O seu trabalho é reconhecido e apreciado pela direção? | Q1: 14. É tratado de forma justa no seu local de trabalho? | R1: 15. Com que frequência recebe ajuda e apoio do seu superior imediato? | S1: 16. Existe um ambiente de trabalho amigável entre si e seus colegas de equipe? | T1: 17. É oferecido aos colaboradores, oportunidades de desenvolvimento? | U1: 18. Possui um bom planejamento das demandas diárias e mensais? | V1: 19. A gerência confia nos seus funcionários para fazer o seu trabalho de forma adequada? | W1: 20. Confia na informação imediata, que é transmitida pela gerência? | X1: 21. Os conflitos são resolvidos de uma forma justa? | Y1: 22. O trabalho é igualmente distribuído aos funcionários do setor? | Z1: 23. Sou sempre capaz de resolver problemas, caso esteja focado o suficiente. | AA1: 24. Seu trabalho é importante para você? | AB1: 25. Sente que seu trabalho é valorizado, e tem uma devida importância no resultado geral do setor? | AC1: 26. Sente que os problemas do seu trabalho são seus também? | AD1: 27. O quão satisfeito está com seu trabalho de uma forma geral? | AE1: 28. Sente-se preocupado em ficar desempregado (a)? | AF1: 29. Em geral, sente que sua saúde mental está: | AG1: 30. Sente que seu trabalho exige muita energia mental e/ou física, no qual acaba por afetar sua vida negativamente? | AH1: 31. Sente que seu trabalho exige muito do tempo do seu dia, a ponto de afetar a sua vida privada negativamente? | AI1: 32. Acordou várias vezes durante a noite e depois não conseguia adormecer novamente? | AJ1: 33. Fisicamente exausto? | AK1: 34. Emocionalmente exausto? | AL1: 35. Irritado? | AM1: 36. Ansioso? | AN1: 37. Triste? | AO1: 38. Tem sido alvo de insultos ou provocações verbais? | AP1: 39. Tem sido exposto a assédio sexual indesejado? | AQ1: 40. Tem sido exposto a ameaças de violência? | AR1: 41. Tem sido exposto a violência física?
A2: 46065.613 | B2: 46065 | C2: CREDENCIAMENTO, EXAMES, LIMPEZA, RECEPÇÃO, SECRETARIA | D2: 3 - Às vezes | E2: 3 - Às vezes | F2: 5 - Sempre | G2: 5 - Sempre | H2: 3 - Às vezes | I2: 5 - Sempre | J2: 4 - Frequentemente | K2: 5 - Sempre | L2: 5 - Sempre | M2: 5 - Sempre | N2: 4 - Frequentemente | O2: 5 - Sempre | P2: 4 - Frequentemente | Q2: 4 - Frequentemente | R2: 4 - Frequentemente | S2: 5 - Sempre | T2: 4 - Frequentemente | U2: 4 - Frequentemente | V2: 4 - Frequentemente | W2: 4 - Frequentemente | X2: 5 - Sempre | Y2: 4 - Frequentemente | Z2: 4 - Frequentemente | AA2: 5 - Extremamente | AB2: 4 - Muito | AC2: 4 - Muito | AD2: 4 - Muito | AE2: 2 - Um pouco | AF2: 3 - Boa | AG2: 3 - Moderadamente | AH2: 2 - Um pouco | AI2: 4 - Frequentemente | AJ2: 3 - Às vezes | AK2: 3 - Às vezes | AL2: 3 - Às vezes | AM2: 3 - Às vezes | AN2: 2 - Raramente | AO2: 1 - Nunca/ quase nunca | AP2: 1 - Nunca/ quase nunca | AQ2: 1 - Nunca/ quase nunca | AR2: 1 - Nunca/ quase nunca
A3: 46065.619 | B3: 32007 | C3: CREDENCIAMENTO, EXAMES, LIMPEZA, RECEPÇÃO, SECRETARIA | D3: 5 - Sempre | E3: 3 - Às vezes | F3: 5 - Sempre | G3: 5 - Sempre | H3: 3 - Às vezes | I3: 5 - Sempre | J3: 5 - Sempre | K3: 4 - Frequentemente | L3: 2 - Raramente | M3: 2 - Raramente | N3: 3 - Às vezes | O3: 5 - Sempre | P3: 3 - Às vezes | Q3: 5 - Sempre | R3: 3 - Às vezes | S3: 5 - Sempre | T3: 5 - Sempre | U3: 3 - Às vezes | V3: 5 - Sempre | W3: 4 - Frequentemente | X3: 3 - Às vezes | Y3: 4 - Frequentemente | Z3: 5 - Sempre | AA3: 5 - Extremamente | AB3: 4 - Muito | AC3: 4 - Muito | AD3: 3 - Moderadamente | AE3: 2 - Um pouco | AF3: 5 - Excelente | AG3: 3 - Moderadamente | AH3: 3 - Moderadamente | AI3: 1 - Nunca/ quase nunca | AJ3: 4 - Frequentemente | AK3: 2 - Raramente | AL3: 1 - Nunca/ quase nunca | AM3: 1 - Nunca/ quase nunca | AN3: 1 - Nunca/ quase nunca | AO3: 1 - Nunca/ quase nunca | AP3: 1 - Nunca/ quase nunca | AQ3: 1 - Nunca/ quase nunca | AR3: 1 - Nunca/ quase nunca
A4: 46065.624 | B4: 46065 | C4: CREDENCIAMENTO, EXAMES, LIMPEZA, RECEPÇÃO, SECRETARIA | D4: 3 - Às vezes | E4: 1 - Nunca/ quase nunca | F4: 2 - Raramente | G4: 5 - Sempre | H4: 3 - Às vezes | I4: 5 - Sempre | J4: 5 - Sempre | K4: 5 - Sempre | L4: 3 - Às vezes | M4: 5 - Sempre | N4: 5 - Sempre | O4: 5 - Sempre | P4: 5 - Sempre | Q4: 5 - Sempre | R4: 5 - Sempre | S4: 5 - Sempre | T4: 5 - Sempre | U4: 5 - Sempre | V4: 5 - Sempre | W4: 5- Sempre | X4: 5 - Sempre | Y4: 5 - Sempre | Z4: 5 - Sempre | AA4: 5 - Extremamente | AB4: 4 - Muito | AC4: 4 - Muito | AD4: 4 - Muito | AE4: 4 - Muito | AF4: 4 - Muito Boa | AG4: 1 - Não / Pouquíssimo | AH4: 1 - Não / Pouquíssimo | AI4: 2 - Raramente | AJ4: 2 - Raramente | AK4: 1 - Nunca/ quase nunca | AL4: 2 - Raramente | AM4: 1 - Nunca/ quase nunca | AN4: 1 - Nunca/ quase nunca | AO4: 1 - Nunca/ quase nunca | AP4: 1 - Nunca/ quase nunca | AQ4: 1 - Nunca/ quase nunca | AR4: 1 - Nunca/ quase nunca
A5: 46065.63 | B5: 46065 | C5: CREDENCIAMENTO, EXAMES, LIMPEZA, RECEPÇÃO, SECRETARIA | D5: 2 - Raramente | E5: 1 - Nunca/ quase nunca | F5: 1 - Nunca/ quase nunca | G5: 5 - Sempre | H5: 1 - Nunca/ quase nunca | I5: 1 - Nunca/ quase nunca | J5: 2 - Raramente | K5: 3 - Às vezes | L5: 2 - Raramente | M5: 4 - Frequentemente | N5: 5 - Sempre | O5: 3 - Às vezes | P5: 2 - Raramente | Q5: 4 - Frequentemente | R5: 5 - Sempre | S5: 5 - Sempre | T5: 4 - Frequentemente | U5: 4 - Frequentemente | V5: 4 - Frequentemente | W5: 4 - Frequentemente | X5: 4 - Frequentemente | Y5: 4 - Frequentemente | Z5: 3 - Às vezes | AA5: 4 - Muito | AB5: 5 - Extremamente | AC5: 3 - Moderadamente | AD5: 4 - Muito | AE5: 2 - Um pouco | AF5: 4 - Muito Boa | AG5: 1 - Não / Pouquíssimo | AH5: 1 - Não / Pouquíssimo | AI5: 1 - Nunca/ quase nunca | AJ5: 2 - Raramente | AK5: 1 - Nunca/ quase nunca | AL5: 2 - Raramente | AM5: 2 - Raramente | AN5: 2 - Raramente | AO5: 1 - Nunca/ quase nunca | AP5: 1 - Nunca/ quase nunca | AQ5: 1 - Nunca/ quase nunca | AR5: 1 - Nunca/ quase nunca
A6: 46065.69 | B6: 46065 | C6: CREDENCIAMENTO, EXAMES, LIMPEZA, RECEPÇÃO, SECRETARIA | D6: 1 - Nunca/ quase nunca | E6: 1 - Nunca/ quase nunca | F6: 3 - Às vezes | G6: 5 - Sempre | H6: 4 - Frequentemente | I6: 3 - Às vezes | J6: 1 - Nunca/ quase nunca | K6: 5 - Sempre | L6: 3 - Às vezes | M6: 4 - Frequentemente | N6: 4 - Frequentemente | O6: 5 - Sempre | P6: 5 - Sempre | Q6: 3 - Às vezes | R6: 5 - Sempre | S6: 4 - Frequentemente | T6: 3 - Às vezes | U6: 5 - Sempre | V6: 5 - Sempre | W6: 5- Sempre | X6: 5 - Sempre | Y6: 3 - Às vezes | Z6: 5 - Sempre | AA6: 5 - Extremamente | AB6: 5 - Extremamente | AC6: 4 - Muito | AD6: 3 - Moderadamente | AE6: 3 - Moderadamente | AF6: 5 - Excelente | AG6: 1 - Não / Pouquíssimo | AH6: 1 - Não / Pouquíssimo | AI6: 1 - Nunca/ quase nunca | AJ6: 3 - Às vezes | AK6: 2 - Raramente | AL6: 2 - Raramente | AM6: 2 - Raramente | AN6: 1 - Nunca/ quase nunca | AO6: 2 - Raramente | AP6: 1 - Nunca/ quase nunca | AQ6: 2 - Raramente | AR6: 1 - Nunca/ quase nunca
A7: 46065.634 | B7: 46065 | C7: TÉCNICO | D7: 3 - Às vezes | E7: 2 - Raramente | F7: 3 - Às vezes | G7: 5 - Sempre | H7: 4 - Frequentemente | I7: 4 - Frequentemente | J7: 1 - Nunca/ quase nunca | K7: 4 - Frequentemente | L7: 4 - Frequentemente | M7: 5 - Sempre | N7: 5 - Sempre | O7: 5 - Sempre | P7: 3 - Às vezes | Q7: 5 - Sempre | R7: 5 - Sempre | S7: 5 - Sempre | T7: 5 - Sempre | U7: 5 - Sempre | V7: 4 - Frequentemente | W7: 5- Sempre | X7: 4 - Frequentemente | Y7: 4 - Frequentemente | Z7: 5 - Sempre | AA7: 5 - Extremamente | AB7: 4 - Muito | AC7: 5 - Extremamente | AD7: 5 - Extremamente | AE7: 2 - Um pouco | AF7: 3 - Boa | AG7: 1 - Não / Pouquíssimo | AH7: 2 - Um pouco | AI7: 3 - Às vezes | AJ7: 4 - Frequentemente | AK7: 2 - Raramente | AL7: 2 - Raramente | AM7: 2 - Raramente | AN7: 2 - Raramente | AO7: 1 - Nunca/ quase nunca | AP7: 1 - Nunca/ quase nunca | AQ7: 1 - Nunca/ quase nunca | AR7: 1 - Nunca/ quase nunca
A8: 46065.641 | B8: 46065 | C8: TÉCNICO | D8: 2 - Raramente | E8: 2 - Raramente | F8: 4 - Frequentemente | G8: 5 - Sempre | H8: 1 - Nunca/ quase nunca | I8: 1 - Nunca/ quase nunca | J8: 1 - Nunca/ quase nunca | K8: 4 - Frequentemente | L8: 2 - Raramente | M8: 2 - Raramente | N8: 5 - Sempre | O8: 4 - Frequentemente | P8: 3 - Às vezes | Q8: 4 - Frequentemente | R8: 5 - Sempre | S8: 4 - Frequentemente | T8: 3 - Às vezes | U8: 3 - Às vezes | V8: 4 - Frequentemente | W8: 4 - Frequentemente | X8: 3 - Às vezes | Y8: 3 - Às vezes | Z8: 5 - Sempre | AA8: 4 - Muito | AB8: 5 - Extremamente | AC8: 5 - Extremamente | AD8: 4 - Muito | AE8: 1 - Nada/ quase nada | AF8: 5 - Excelente | AG8: 1 - Não / Pouquíssimo | AH8: 2 - Um pouco | AI8: 3 - Às vezes | AJ8: 2 - Raramente | AK8: 1 - Nunca/ quase nunca | AL8: 1 - Nunca/ quase nunca | AM8: 5 - Sempre | AN8: 3 - Às vezes | AO8: 1 - Nunca/ quase nunca | AP8: 1 - Nunca/ quase nunca | AQ8: 1 - Nunca/ quase nunca | AR8: 1 - Nunca/ quase nunca
A9: 46065.646 | B9: 46065 | C9: TÉCNICO | D9: 1 - Nunca/ quase nunca | E9: 1 - Nunca/ quase nunca | F9: 3 - Às vezes | G9: 5 - Sempre | H9: 2 - Raramente | I9: 2 - Raramente | J9: 1 - Nunca/ quase nunca | K9: 4 - Frequentemente | L9: 5 - Sempre | M9: 4 - Frequentemente | N9: 5 - Sempre | O9: 2 - Raramente | P9: 4 - Frequentemente | Q9: 5 - Sempre | R9: 5 - Sempre | S9: 5 - Sempre | T9: 4 - Frequentemente | U9: 4 - Frequentemente | V9: 5 - Sempre | W9: 4 - Frequentemente | X9: 5 - Sempre | Y9: 5 - Sempre | Z9: 5 - Sempre | AA9: 4 - Muito | AB9: 2 - Um pouco | AC9: 1 - Nada/ quase nada | AD9: 5 - Extremamente | AE9: 2 - Um pouco | AF9: 4 - Muito Boa | AG9: 1 - Não / Pouquíssimo | AH9: 1 - Não / Pouquíssimo | AI9: 5 - Sempre | AJ9: 2 - Raramente | AK9: 1 - Nunca/ quase nunca | AL9: 3 - Às vezes | AM9: 4 - Frequentemente | AN9: 1 - Nunca/ quase nunca | AO9: 1 - Nunca/ quase nunca | AP9: 1 - Nunca/ quase nunca | AQ9: 1 - Nunca/ quase nunca | AR9: 1 - Nunca/ quase nunca
A10: 46065.652 | B10: 46065 | C10: TÉCNICO | D10: 2 - Raramente | E10: 3 - Às vezes | F10: 3 - Às vezes | G10: 5 - Sempre | H10: 3 - Às vezes | I10: 4 - Frequentemente | J10: 3 - Às vezes | K10: 4 - Frequentemente | L10: 4 - Frequentemente | M10: 2 - Raramente | N10: 2 - Raramente | O10: 3 - Às vezes | P10: 3 - Às vezes | Q10: 4 - Frequentemente | R10: 3 - Às vezes | S10: 4 - Frequentemente | T10: 2 - Raramente | U10: 2 - Raramente | V10: 3 - Às vezes | W10: 3 - Às vezes | X10: 3 - Às vezes | Y10: 3 - Às vezes | Z10: 4 - Frequentemente | AA10: 4 - Muito | AB10: 3 - Moderadamente | AC10: 3 - Moderadamente | AD10: 3 - Moderadamente | AE10: 3 - Moderadamente | AF10: 4 - Muito Boa | AG10: 4 - Muito | AH10: 4 - Muito | AI10: 2 - Raramente | AJ10: 2 - Raramente | AK10: 1 - Nunca/ quase nunca | AL10: 1 - Nunca/ quase nunca | AM10: 2 - Raramente | AN10: 1 - Nunca/ quase nunca | AO10: 1 - Nunca/ quase nunca | AP10: 1 - Nunca/ quase nunca | AQ10: 1 - Nunca/ quase nunca | AR10: 1 - Nunca/ quase nunca
A11: 46065.656 | B11: 46065 | C11: TÉCNICO | D11: 4 - Frequentemente | E11: 4 - Frequentemente | F11: 3 - Às vezes | G11: 5 - Sempre | H11: 3 - Às vezes | I11: 4 - Frequentemente | J11: 2 - Raramente | K11: 5 - Sempre | L11: 4 - Frequentemente | M11: 2 - Raramente | N11: 3 - Às vezes | O11: 4 - Frequentemente | P11: 5 - Sempre | Q11: 4 - Frequentemente | R11: 4 - Frequentemente | S11: 4 - Frequentemente | T11: 4 - Frequentemente | U11: 3 - Às vezes | V11: 4 - Frequentemente | W11: 4 - Frequentemente | X11: 4 - Frequentemente | Y11: 2 - Raramente | Z11: 5 - Sempre | AA11: 4 - Muito | AB11: 4 - Muito | AC11: 5 - Extremamente | AD11: 3 - Moderadamente | AE11: 5 - Extremamente | AF11: 2 - Razoável | AG11: 3 - Moderadamente | AH11: 3 - Moderadamente | AI11: 2 - Raramente | AJ11: 4 - Frequentemente | AK11: 4 - Frequentemente | AL11: 4 - Frequentemente | AM11: 4 - Frequentemente | AN11: 4 - Frequentemente | AO11: 2 - Raramente | AP11: 1 - Nunca/ quase nunca | AQ11: 1 - Nunca/ quase nunca | AR11: 1 - Nunca/ quase nunca
A12: 46065.659 | B12: 46065 | C12: TÉCNICO | D12: 1 - Nunca/ quase nunca | E12: 3 - Às vezes | F12: 3 - Às vezes | G12: 5 - Sempre | H12: 4 - Frequentemente | I12: 2 - Raramente | J12: 4 - Frequentemente | K12: 5 - Sempre | L12: 5 - Sempre | M12: 5 - Sempre | N12: 2 - Raramente | O12: 5 - Sempre | P12: 5 - Sempre | Q12: 5 - Sempre | R12: 4 - Frequentemente | S12: 5 - Sempre | T12: 3 - Às vezes | U12: 5 - Sempre | V12: 5 - Sempre | W12: 5- Sempre | X12: 5 - Sempre | Y12: 5 - Sempre | Z12: 5 - Sempre | AA12: 5 - Extremamente | AB12: 4 - Muito | AC12: 5 - Extremamente | AD12: 5 - Extremamente | AE12: 1 - Nada/ quase nada | AF12: 4 - Muito Boa | AG12: 4 - Muito | AH12: 4 - Muito | AI12: 2 - Raramente | AJ12: 2 - Raramente | AK12: 1 - Nunca/ quase nunca | AL12: 3 - Às vezes | AM12: 3 - Às vezes | AN12: 1 - Nunca/ quase nunca | AO12: 1 - Nunca/ quase nunca | AP12: 1 - Nunca/ quase nunca | AQ12: 1 - Nunca/ quase nunca | AR12: 1 - Nunca/ quase nunca
A13: 46065.673 | B13: 46065 | C13: FINANCEIRO | D13: 2 - Raramente | E13: 1 - Nunca/ quase nunca | F13: 3 - Às vezes | G13: 5 - Sempre | H13: 1 - Nunca/ quase nunca | I13: 4 - Frequentemente | J13: 4 - Frequentemente | K13: 4 - Frequentemente | L13: 2 - Raramente | M13: 4 - Frequentemente | N13: 5 - Sempre | O13: 5 - Sempre | P13: 2 - Raramente | Q13: 5 - Sempre | R13: 5 - Sempre | S13: 5 - Sempre | T13: 5 - Sempre | U13: 5 - Sempre | V13: 5 - Sempre | W13: 5- Sempre | X13: 5 - Sempre | Y13: 5 - Sempre | Z13: 5 - Sempre | AA13: 4 - Muito | AB13: 4 - Muito | AC13: 5 - Extremamente | AD13: 5 - Extremamente | AE13: 4 - Muito | AF13: 4 - Muito Boa | AG13: 1 - Não / Pouquíssimo | AH13: 1 - Não / Pouquíssimo | AI13: 1 - Nunca/ quase nunca | AJ13: 1 - Nunca/ quase nunca | AK13: 1 - Nunca/ quase nunca | AL13: 2 - Raramente | AM13: 2 - Raramente | AN13: 2 - Raramente | AO13: 1 - Nunca/ quase nunca | AP13: 1 - Nunca/ quase nunca | AQ13: 1 - Nunca/ quase nunca | AR13: 1 - Nunca/ quase nunca
... A17: 46065.717 | B17: 46065 | C17: COMERCIAL | D17: 1 - Nunca/ quase nunca | E17: 2 - Raramente | F17: 2 - Raramente | G17: 5 - Sempre | H17: 2 - Raramente | I17: 2 - Raramente | J17: 1 - Nunca/ quase nunca | K17: 5 - Sempre | L17: 5 - Sempre | M17: 5 - Sempre | N17: 5 - Sempre | O17: 5 - Sempre | P17: 5 - Sempre | Q17: 5 - Sempre | R17: 5 - Sempre | S17: 5 - Sempre | T17: 5 - Sempre | U17: 5 - Sempre | V17: 5 - Sempre | W17: 5- Sempre | X17: 5 - Sempre | Y17: 5 - Sempre | Z17: 5 - Sempre | AA17: 5 - Extremamente | AB17: 4 - Muito | AC17: 5 - Extremamente | AD17: 5 - Extremamente | AE17: 2 - Um pouco | AF17: 5 - Excelente | AG17: 1 - Não / Pouquíssimo | AH17: 1 - Não / Pouquíssimo | AI17: 1 - Nunca/ quase nunca | AJ17: 2 - Raramente | AK17: 2 - Raramente | AL17: 2 - Raramente | AM17: 2 - Raramente | AN17: 2 - Raramente | AO17: 1 - Nunca/ quase nunca | AP17: 1 - Nunca/ quase nunca | AQ17: 1 - Nunca/ quase nunca | AR17: 1 - Nunca/ quase nunca

Sheet BaseCálculo
A1: MÉDIA GERAL | B1: MÉDIA TOTAL: | C1: {=ROUND(SUMPRODUCT(IFERROR(Auxiliar!D$1:D$300,0))/COUNT(Auxiliar!D$1:D$300),2)} -> 2.25 | D1: {=ROUND(SUMPRODUCT(IFERROR(Auxiliar!E$1:E$300,0))/COUNT(Auxiliar!E$1:E$300),2)} -> 2.13 | E1: {=ROUND(SUMPRODUCT(IFERROR(Auxiliar!F$1:F$300,0))/COUNT(Auxiliar!F$1:F$300),2)} -> 3 | F1: {=ROUND(SUMPRODUCT(IFERROR(Auxiliar!G$1:G$300,0))/COUNT(Auxiliar!G$1:G$300),2)} -> 4.94 | G1: {=ROUND(SUMPRODUCT(IFERROR(Auxiliar!H$1:H$300,0))/COUNT(Auxiliar!H$1:H$300),2)} -> 2.63 | H1: {=ROUND(SUMPRODUCT(IFERROR(Auxiliar!I$1:I$300,0))/COUNT(Auxiliar!I$1:I$300),2)} -> 3 | I1: {=ROUND(SUMPRODUCT(IFERROR(Auxiliar!J$1:J$300,0))/COUNT(Auxiliar!J$1:J$300),2)} -> 2.56 | J1: {=ROUND(SUMPRODUCT(IFERROR(Auxiliar!K$1:K$300,0))/COUNT(Auxiliar!K$1:K$300),2)} -> 4.38 | ... AQ1: {=ROUND(SUMPRODUCT(IFERROR(Auxiliar!AR$1:AR$300,0))/COUNT(Auxiliar!AR$1:AR$300),2)} -> 1
A2: =ROUND(AVERAGE(C1:AQ1),2) -> 3.22 | B2: SETORES: | C2: P1 | D2: P2 | E2: P3 | F2: P4 | G2: P5 | H2: P6 | I2: P7 | J2: P8 | K2: P9 | L2: P10 | M2: P11 | N2: P12 | O2: P13 | P2: P14 | Q2: P15 | R2: P16 | S2: P17 | T2: P18 | U2: P19 | V2: P20 | W2: P21 | X2: P22 | Y2: P23 | Z2: P24 | AA2: P25 | AB2: P26 | AC2: P27 | AD2: P28 | AE2: P29 | AF2: P30 | AG2: P31 | AH2: P32 | AI2: P33 | AJ2: P34 | AK2: P35 | AL2: P36 | AM2: P37 | AN2: P38 | AO2: P39 | AP2: P40 | AQ2: P41
A3: =IFERROR(IF(ROUND(AVERAGE(C3:AQ3,COUNT(C3:AQ3)),2)=0,"",ROUND(AVERAGE(C3:AQ3,COUNT(C3:AQ3)),2)),"") -> 4.14 | B3: {=_xlfn.UNIQUE(RESPOSTAS!C2:C300)} -> CREDENCIAMENTO, EXAMES, LIMPEZA, RECEPÇÃO, SECRETARIA | C3: =IFERROR(IF(ROUND(SUMIF(RESPOSTAS!$C$2:$C$300,$B$3,Auxiliar!D$1:D$300)/COUNTIF(RESPOSTAS!$C$2:$C$300,$B$3),2)=0,"",ROUND(SUMIF(RESPOSTAS!$C$2:$C$300,$B$3,Auxiliar!D$1:D$300)/COUNTIF(RESPOSTAS!$C$2:$C$300,$B$3),2)),"") -> 2.5 | D3: =IFERROR(IF(ROUND(SUMIF(RESPOSTAS!$C$2:$C$300,$B$3,Auxiliar!E$1:E$300)/COUNTIF(RESPOSTAS!$C$2:$C$300,$B$3),2)=0,"",ROUND(SUMIF(RESPOSTAS!$C$2:$C$300,$B$3,Auxiliar!E$1:E$300)/COUNTIF(RESPOSTAS!$C$2:$C$300,$B$3),2)),"") -> 1.67 | E3: =IFERROR(IF(ROUND(SUMIF(RESPOSTAS!$C$2:$C$300,$B$3,Auxiliar!F$1:F$300)/COUNTIF(RESPOSTAS!$C$2:$C$300,$B$3),2)=0,"",ROUND(SUMIF(RESPOSTAS!$C$2:$C$300,$B$3,Auxiliar!F$1:F$300)/COUNTIF(RESPOSTAS!$C$2:$C$300,$B$3),2)),"") -> 3.17 | F3: =IFERROR(IF(ROUND(SUMIF(RESPOSTAS!$C$2:$C$300,$B$3,Auxiliar!G$1:G$300)/COUNTIF(RESPOSTAS!$C$2:$C$300,$B$3),2)=0,"",ROUND(SUMIF(RESPOSTAS!$C$2:$C$300,$B$3,Auxiliar!G$1:G$300)/COUNTIF(RESPOSTAS!$C$2:$C$300,$B$3),2)),"") -> 5 | G3: =IFERROR(IF(ROUND(SUMIF(RESPOSTAS!$C$2:$C$300,$B$3,Auxiliar!H$1:H$300)/COUNTIF(RESPOSTAS!$C$2:$C$300,$B$3),2)=0,"",ROUND(SUMIF(RESPOSTAS!$C$2:$C$300,$B$3,Auxiliar!H$1:H$300)/COUNTIF(RESPOSTAS!$C$2:$C$300,$B$3),2)),"") -> 3 | H3: =IFERROR(IF(ROUND(SUMIF(RESPOSTAS!$C$2:$C$300,$B$3,Auxiliar!I$1:I$300)/COUNTIF(RESPOSTAS!$C$2:$C$300,$B$3),2)=0,"",ROUND(SUMIF(RESPOSTAS!$C$2:$C$300,$B$3,Auxiliar!I$1:I$300)/COUNTIF(RESPOSTAS!$C$2:$C$300,$B$3),2)),"") -> 3.67 | I3: =IFERROR(IF(ROUND(SUMIF(RESPOSTAS!$C$2:$C$300,$B$3,Auxiliar!J$1:J$300)/COUNTIF(RESPOSTAS!$C$2:$C$300,$B$3),2)=0,"",ROUND(SUMIF(RESPOSTAS!$C$2:$C$300,$B$3,Auxiliar!J$1:J$300)/COUNTIF(RESPOSTAS!$C$2:$C$300,$B$3),2)),"") -> 3 | J3: =IFERROR(IF(ROUND(SUMIF(RESPOSTAS!$C$2:$C$300,$B$3,Auxiliar!K$1:K$300)/COUNTIF(RESPOSTAS!$C$2:$C$300,$B$3),2)=0,"",ROUND(SUMIF(RESPOSTAS!$C$2:$C$300,$B$3,Auxiliar!K$1:K$300)/COUNTIF(RESPOSTAS!$C$2:$C$300,$B$3),2)),"") -> 4.5 | ... AQ3: =IFERROR(IF(ROUND(SUMIF(RESPOSTAS!$C$2:$C$300,$B$3,Auxiliar!AR$1:AR$300)/COUNTIF(RESPOSTAS!$C$2:$C$300,$B$3),2)=0,"",ROUND(SUMIF(RESPOSTAS!$C$2:$C$300,$B$3,Auxiliar!AR$1:AR$300)/COUNTIF(RESPOSTAS!$C$2:$C$300,$B$3),2)),"") -> 1
A4: =IFERROR(IF(ROUND(AVERAGE(C4:AQ4,COUNT(C4:AQ4)),2)=0,"",ROUND(AVERAGE(C4:AQ4,COUNT(C4:AQ4)),2)),"") -> 4.1 | B4: TÉCNICO | C4: =IFERROR(IF(ROUND(SUMIF(RESPOSTAS!$C$2:$C$300,$B$4,Auxiliar!D$1:D$300)/COUNTIF(RESPOSTAS!$C$2:$C$300,$B$4),2)=0,"",ROUND(SUMIF(RESPOSTAS!$C$2:$C$300,$B$4,Auxiliar!D$1:D$300)/COUNTIF(RESPOSTAS!$C$2:$C$300,$B$4),2)),"") -> 2.17 | D4: =IFERROR(IF(ROUND(SUMIF(RESPOSTAS!$C$2:$C$300,$B$4,Auxiliar!E$1:E$300)/COUNTIF(RESPOSTAS!$C$2:$C$300,$B$4),2)=0,"",ROUND(SUMIF(RESPOSTAS!$C$2:$C$300,$B$4,Auxiliar!E$1:E$300)/COUNTIF(RESPOSTAS!$C$2:$C$300,$B$4),2)),"") -> 2.5 | E4: =IFERROR(IF(ROUND(SUMIF(RESPOSTAS!$C$2:$C$300,$B$4,Auxiliar!F$1:F$300)/COUNTIF(RESPOSTAS!$C$2:$C$300,$B$4),2)=0,"",ROUND(SUMIF(RESPOSTAS!$C$2:$C$300,$B$4,Auxiliar!F$1:F$300)/COUNTIF(RESPOSTAS!$C$2:$C$300,$B$4),2)),"") -> 3.17 | F4: =IFERROR(IF(ROUND(SUMIF(RESPOSTAS!$C$2:$C$300,$B$4,Auxiliar!G$1:G$300)/COUNTIF(RESPOSTAS!$C$2:$C$300,$B$4),2)=0,"",ROUND(SUMIF(RESPOSTAS!$C$2:$C$300,$B$4,Auxiliar!G$1:G$300)/COUNTIF(RESPOSTAS!$C$2:$C$300,$B$4),2)),"") -> 5 | G4: =IFERROR(IF(ROUND(SUMIF(RESPOSTAS!$C$2:$C$300,$B$4,Auxiliar!H$1:H$300)/COUNTIF(RESPOSTAS!$C$2:$C$300,$B$4),2)=0,"",ROUND(SUMIF(RESPOSTAS!$C$2:$C$300,$B$4,Auxiliar!H$1:H$300)/COUNTIF(RESPOSTAS!$C$2:$C$300,$B$4),2)),"") -> 2.83 | H4: =IFERROR(IF(ROUND(SUMIF(RESPOSTAS!$C$2:$C$300,$B$4,Auxiliar!I$1:I$300)/COUNTIF(RESPOSTAS!$C$2:$C$300,$B$4),2)=0,"",ROUND(SUMIF(RESPOSTAS!$C$2:$C$300,$B$4,Auxiliar!I$1:I$300)/COUNTIF(RESPOSTAS!$C$2:$C$300,$B$4),2)),"") -> 2.83 | I4: =IFERROR(IF(ROUND(SUMIF(RESPOSTAS!$C$2:$C$300,$B$4,Auxiliar!J$1:J$300)/COUNTIF(RESPOSTAS!$C$2:$C$300,$B$4),2)=0,"",ROUND(SUMIF(RESPOSTAS!$C$2:$C$300,$B$4,Auxiliar!J$1:J$300)/COUNTIF(RESPOSTAS!$C$2:$C$300,$B$4),2)),"") -> 2 | J4: =IFERROR(IF(ROUND(SUMIF(RESPOSTAS!$C$2:$C$300,$B$4,Auxiliar!K$1:K$300)/COUNTIF(RESPOSTAS!$C$2:$C$300,$B$4),2)=0,"",ROUND(SUMIF(RESPOSTAS!$C$2:$C$300,$B$4,Auxiliar!K$1:K$300)/COUNTIF(RESPOSTAS!$C$2:$C$300,$B$4),2)),"") -> 4.33 | ... AQ4: =IFERROR(IF(ROUND(SUMIF(RESPOSTAS!$C$2:$C$300,$B$4,Auxiliar!AR$1:AR$300)/COUNTIF(RESPOSTAS!$C$2:$C$300,$B$4),2)=0,"",ROUND(SUMIF(RESPOSTAS!$C$2:$C$300,$B$4,Auxiliar!AR$1:AR$300)/COUNTIF(RESPOSTAS!$C$2:$C$300,$B$4),2)),"") -> 1
A5: =IFERROR(IF(ROUND(AVERAGE(C5:AQ5,COUNT(C5:AQ5)),2)=0,"",ROUND(AVERAGE(C5:AQ5,COUNT(C5:AQ5)),2)),"") -> 4.17 | B5: FINANCEIRO | C5: =IFERROR(IF(ROUND(SUMIF(RESPOSTAS!$C$2:$C$300,$B$5,Auxiliar!D$1:D$300)/COUNTIF(RESPOSTAS!$C$2:$C$300,$B$5),2)=0,"",ROUND(SUMIF(RESPOSTAS!$C$2:$C$300,$B$5,Auxiliar!D$1:D$300)/COUNTIF(RESPOSTAS!$C$2:$C$300,$B$5),2)),"") -> 2.5 | D5: =IFERROR(IF(ROUND(SUMIF(RESPOSTAS!$C$2:$C$300,$B$5,Auxiliar!E$1:E$300)/COUNTIF(RESPOSTAS!$C$2:$C$300,$B$5),2)=0,"",ROUND(SUMIF(RESPOSTAS!$C$2:$C$300,$B$5,Auxiliar!E$1:E$300)/COUNTIF(RESPOSTAS!$C$2:$C$300,$B$5),2)),"") -> 2 | E5: =IFERROR(IF(ROUND(SUMIF(RESPOSTAS!$C$2:$C$300,$B$5,Auxiliar!F$1:F$300)/COUNTIF(RESPOSTAS!$C$2:$C$300,$B$5),2)=0,"",ROUND(SUMIF(RESPOSTAS!$C$2:$C$300,$B$5,Auxiliar!F$1:F$300)/COUNTIF(RESPOSTAS!$C$2:$C$300,$B$5),2)),"") -> 2.5 | F5: =IFERROR(IF(ROUND(SUMIF(RESPOSTAS!$C$2:$C$300,$B$5,Auxiliar!G$1:G$300)/COUNTIF(RESPOSTAS!$C$2:$C$300,$B$5),2)=0,"",ROUND(SUMIF(RESPOSTAS!$C$2:$C$300,$B$5,Auxiliar!G$1:G$300)/COUNTIF(RESPOSTAS!$C$2:$C$300,$B$5),2)),"") -> 5 | G5: =IFERROR(IF(ROUND(SUMIF(RESPOSTAS!$C$2:$C$300,$B$5,Auxiliar!H$1:H$300)/COUNTIF(RESPOSTAS!$C$2:$C$300,$B$5),2)=0,"",ROUND(SUMIF(RESPOSTAS!$C$2:$C$300,$B$5,Auxiliar!H$1:H$300)/COUNTIF(RESPOSTAS!$C$2:$C$300,$B$5),2)),"") -> 2 | H5: =IFERROR(IF(ROUND(SUMIF(RESPOSTAS!$C$2:$C$300,$B$5,Auxiliar!I$1:I$300)/COUNTIF(RESPOSTAS!$C$2:$C$300,$B$5),2)=0,"",ROUND(SUMIF(RESPOSTAS!$C$2:$C$300,$B$5,Auxiliar!I$1:I$300)/COUNTIF(RESPOSTAS!$C$2:$C$300,$B$5),2)),"") -> 2.5 | I5: =IFERROR(IF(ROUND(SUMIF(RESPOSTAS!$C$2:$C$300,$B$5,Auxiliar!J$1:J$300)/COUNTIF(RESPOSTAS!$C$2:$C$300,$B$5),2)=0,"",ROUND(SUMIF(RESPOSTAS!$C$2:$C$300,$B$5,Auxiliar!J$1:J$300)/COUNTIF(RESPOSTAS!$C$2:$C$300,$B$5),2)),"") -> 4.5 | J5: =IFERROR(IF(ROUND(SUMIF(RESPOSTAS!$C$2:$C$300,$B$5,Auxiliar!K$1:K$300)/COUNTIF(RESPOSTAS!$C$2:$C$300,$B$5),2)=0,"",ROUND(SUMIF(RESPOSTAS!$C$2:$C$300,$B$5,Auxiliar!K$1:K$300)/COUNTIF(RESPOSTAS!$C$2:$C$300,$B$5),2)),"") -> 4.5 | ... AQ5: =IFERROR(IF(ROUND(SUMIF(RESPOSTAS!$C$2:$C$300,$B$5,Auxiliar!AR$1:AR$300)/COUNTIF(RESPOSTAS!$C$2:$C$300,$B$5),2)=0,"",ROUND(SUMIF(RESPOSTAS!$C$2:$C$300,$B$5,Auxiliar!AR$1:AR$300)/COUNTIF(RESPOSTAS!$C$2:$C$300,$B$5),2)),"") -> 1
A6: =IFERROR(IF(ROUND(AVERAGE(C6:AQ6,COUNT(C6:AQ6)),2)=0,"",ROUND(AVERAGE(C6:AQ6,COUNT(C6:AQ6)),2)),"") -> 4.08 | B6: COMERCIAL | C6: =IFERROR(IF(ROUND(SUMIF(RESPOSTAS!$C$2:$C$300,$B$6,Auxiliar!D$1:D$300)/COUNTIF(RESPOSTAS!$C$2:$C$300,$B$6),2)=0,"",ROUND(SUMIF(RESPOSTAS!$C$2:$C$300,$B$6,Auxiliar!D$1:D$300)/COUNTIF(RESPOSTAS!$C$2:$C$300,$B$6),2)),"") -> 1.5 | D6: =IFERROR(IF(ROUND(SUMIF(RESPOSTAS!$C$2:$C$300,$B$6,Auxiliar!E$1:E$300)/COUNTIF(RESPOSTAS!$C$2:$C$300,$B$6),2)=0,"",ROUND(SUMIF(RESPOSTAS!$C$2:$C$300,$B$6,Auxiliar!E$1:E$300)/COUNTIF(RESPOSTAS!$C$2:$C$300,$B$6),2)),"") -> 2.5 | E6: =IFERROR(IF(ROUND(SUMIF(RESPOSTAS!$C$2:$C$300,$B$6,Auxiliar!F$1:F$300)/COUNTIF(RESPOSTAS!$C$2:$C$300,$B$6),2)=0,"",ROUND(SUMIF(RESPOSTAS!$C$2:$C$300,$B$6,Auxiliar!F$1:F$300)/COUNTIF(RESPOSTAS!$C$2:$C$300,$B$6),2)),"") -> 2.5 | F6: =IFERROR(IF(ROUND(SUMIF(RESPOSTAS!$C$2:$C$300,$B$6,Auxiliar!G$1:G$300)/COUNTIF(RESPOSTAS!$C$2:$C$300,$B$6),2)=0,"",ROUND(SUMIF(RESPOSTAS!$C$2:$C$300,$B$6,Auxiliar!G$1:G$300)/COUNTIF(RESPOSTAS!$C$2:$C$300,$B$6),2)),"") -> 4.5 | G6: =IFERROR(IF(ROUND(SUMIF(RESPOSTAS!$C$2:$C$300,$B$6,Auxiliar!H$1:H$300)/COUNTIF(RESPOSTAS!$C$2:$C$300,$B$6),2)=0,"",ROUND(SUMIF(RESPOSTAS!$C$2:$C$300,$B$6,Auxiliar!H$1:H$300)/COUNTIF(RESPOSTAS!$C$2:$C$300,$B$6),2)),"") -> 1.5 | H6: =IFERROR(IF(ROUND(SUMIF(RESPOSTAS!$C$2:$C$300,$B$6,Auxiliar!I$1:I$300)/COUNTIF(RESPOSTAS!$C$2:$C$300,$B$6),2)=0,"",ROUND(SUMIF(RESPOSTAS!$C$2:$C$300,$B$6,Auxiliar!I$1:I$300)/COUNTIF(RESPOSTAS!$C$2:$C$300,$B$6),2)),"") -> 2 | I6: =IFERROR(IF(ROUND(SUMIF(RESPOSTAS!$C$2:$C$300,$B$6,Auxiliar!J$1:J$300)/COUNTIF(RESPOSTAS!$C$2:$C$300,$B$6),2)=0,"",ROUND(SUMIF(RESPOSTAS!$C$2:$C$300,$B$6,Auxiliar!J$1:J$300)/COUNTIF(RESPOSTAS!$C$2:$C$300,$B$6),2)),"") -> 1 | J6: =IFERROR(IF(ROUND(SUMIF(RESPOSTAS!$C$2:$C$300,$B$6,Auxiliar!K$1:K$300)/COUNTIF(RESPOSTAS!$C$2:$C$300,$B$6),2)=0,"",ROUND(SUMIF(RESPOSTAS!$C$2:$C$300,$B$6,Auxiliar!K$1:K$300)/COUNTIF(RESPOSTAS!$C$2:$C$300,$B$6),2)),"") -> 4 | ... AQ6: =IFERROR(IF(ROUND(SUMIF(RESPOSTAS!$C$2:$C$300,$B$6,Auxiliar!AR$1:AR$300)/COUNTIF(RESPOSTAS!$C$2:$C$300,$B$6),2)=0,"",ROUND(SUMIF(RESPOSTAS!$C$2:$C$300,$B$6,Auxiliar!AR$1:AR$300)/COUNTIF(RESPOSTAS!$C$2:$C$300,$B$6),2)),"") -> 1
A7: =IFERROR(IF(ROUND(AVERAGE(C7:AQ7,COUNT(C7:AQ7)),2)=0,"",ROUND(AVERAGE(C7:AQ7,COUNT(C7:AQ7)),2)),"") | B7: 0 | C7: =IFERROR(IF(ROUND(SUMIF(RESPOSTAS!$C$2:$C$300,$B$7,Auxiliar!D$1:D$300)/COUNTIF(RESPOSTAS!$C$2:$C$300,$B$7),2)=0,"",ROUND(SUMIF(RESPOSTAS!$C$2:$C$300,$B$7,Auxiliar!D$1:D$300)/COUNTIF(RESPOSTAS!$C$2:$C$300,$B$7),2)),"") | D7: =IFERROR(IF(ROUND(SUMIF(RESPOSTAS!$C$2:$C$300,$B$7,Auxiliar!E$1:E$300)/COUNTIF(RESPOSTAS!$C$2:$C$300,$B$7),2)=0,"",ROUND(SUMIF(RESPOSTAS!$C$2:$C$300,$B$7,Auxiliar!E$1:E$300)/COUNTIF(RESPOSTAS!$C$2:$C$300,$B$7),2)),"") | E7: =IFERROR(IF(ROUND(SUMIF(RESPOSTAS!$C$2:$C$300,$B$7,Auxiliar!F$1:F$300)/COUNTIF(RESPOSTAS!$C$2:$C$300,$B$7),2)=0,"",ROUND(SUMIF(RESPOSTAS!$C$2:$C$300,$B$7,Auxiliar!F$1:F$300)/COUNTIF(RESPOSTAS!$C$2:$C$300,$B$7),2)),"") | F7: =IFERROR(IF(ROUND(SUMIF(RESPOSTAS!$C$2:$C$300,$B$7,Auxiliar!G$1:G$300)/COUNTIF(RESPOSTAS!$C$2:$C$300,$B$7),2)=0,"",ROUND(SUMIF(RESPOSTAS!$C$2:$C$300,$B$7,Auxiliar!G$1:G$300)/COUNTIF(RESPOSTAS!$C$2:$C$300,$B$7),2)),"") | G7: =IFERROR(IF(ROUND(SUMIF(RESPOSTAS!$C$2:$C$300,$B$7,Auxiliar!H$1:H$300)/COUNTIF(RESPOSTAS!$C$2:$C$300,$B$7),2)=0,"",ROUND(SUMIF(RESPOSTAS!$C$2:$C$300,$B$7,Auxiliar!H$1:H$300)/COUNTIF(RESPOSTAS!$C$2:$C$300,$B$7),2)),"") | H7: =IFERROR(IF(ROUND(SUMIF(RESPOSTAS!$C$2:$C$300,$B$7,Auxiliar!I$1:I$300)/COUNTIF(RESPOSTAS!$C$2:$C$300,$B$7),2)=0,"",ROUND(SUMIF(RESPOSTAS!$C$2:$C$300,$B$7,Auxiliar!I$1:I$300)/COUNTIF(RESPOSTAS!$C$2:$C$300,$B$7),2)),"") | I7: =IFERROR(IF(ROUND(SUMIF(RESPOSTAS!$C$2:$C$300,$B$7,Auxiliar!J$1:J$300)/COUNTIF(RESPOSTAS!$C$2:$C$300,$B$7),2)=0,"",ROUND(SUMIF(RESPOSTAS!$C$2:$C$300,$B$7,Auxiliar!J$1:J$300)/COUNTIF(RESPOSTAS!$C$2:$C$300,$B$7),2)),"") | J7: =IFERROR(IF(ROUND(SUMIF(RESPOSTAS!$C$2:$C$300,$B$7,Auxiliar!K$1:K$300)/COUNTIF(RESPOSTAS!$C$2:$C$300,$B$7),2)=0,"",ROUND(SUMIF(RESPOSTAS!$C$2:$C$300,$B$7,Auxiliar!K$1:K$300)/COUNTIF(RESPOSTAS!$C$2:$C$300,$B$7),2)),"") | ... AQ7: =IFERROR(IF(ROUND(SUMIF(RESPOSTAS!$C$2:$C$300,$B$7,Auxiliar!AR$1:AR$300)/COUNTIF(RESPOSTAS!$C$2:$C$300,$B$7),2)=0,"",ROUND(SUMIF(RESPOSTAS!$C$2:$C$300,$B$7,Auxiliar!AR$1:AR$300)/COUNTIF(RESPOSTAS!$C$2:$C$300,$B$7),2)),"")
A8: =IFERROR(IF(ROUND(AVERAGE(C8:AQ8,COUNT(C8:AQ8)),2)=0,"",ROUND(AVERAGE(C8:AQ8,COUNT(C8:AQ8)),2)),"") | C8: =IFERROR(IF(ROUND(SUMIF(RESPOSTAS!$C$2:$C$300,$B$8,Auxiliar!D$1:D$300)/COUNTIF(RESPOSTAS!$C$2:$C$300,$B$8),2)=0,"",ROUND(SUMIF(RESPOSTAS!$C$2:$C$300,$B$8,Auxiliar!D$1:D$300)/COUNTIF(RESPOSTAS!$C$2:$C$300,$B$8),2)),"") | D8: =IFERROR(IF(ROUND(SUMIF(RESPOSTAS!$C$2:$C$300,$B$8,Auxiliar!E$1:E$300)/COUNTIF(RESPOSTAS!$C$2:$C$300,$B$8),2)=0,"",ROUND(SUMIF(RESPOSTAS!$C$2:$C$300,$B$8,Auxiliar!E$1:E$300)/COUNTIF(RESPOSTAS!$C$2:$C$300,$B$8),2)),"") | E8: =IFERROR(IF(ROUND(SUMIF(RESPOSTAS!$C$2:$C$300,$B$8,Auxiliar!F$1:F$300)/COUNTIF(RESPOSTAS!$C$2:$C$300,$B$8),2)=0,"",ROUND(SUMIF(RESPOSTAS!$C$2:$C$300,$B$8,Auxiliar!F$1:F$300)/COUNTIF(RESPOSTAS!$C$2:$C$300,$B$8),2)),"") | F8: =IFERROR(IF(ROUND(SUMIF(RESPOSTAS!$C$2:$C$300,$B$8,Auxiliar!G$1:G$300)/COUNTIF(RESPOSTAS!$C$2:$C$300,$B$8),2)=0,"",ROUND(SUMIF(RESPOSTAS!$C$2:$C$300,$B$8,Auxiliar!G$1:G$300)/COUNTIF(RESPOSTAS!$C$2:$C$300,$B$8),2)),"") | G8: =IFERROR(IF(ROUND(SUMIF(RESPOSTAS!$C$2:$C$300,$B$8,Auxiliar!H$1:H$300)/COUNTIF(RESPOSTAS!$C$2:$C$300,$B$8),2)=0,"",ROUND(SUMIF(RESPOSTAS!$C$2:$C$300,$B$8,Auxiliar!H$1:H$300)/COUNTIF(RESPOSTAS!$C$2:$C$300,$B$8),2)),"") | H8: =IFERROR(IF(ROUND(SUMIF(RESPOSTAS!$C$2:$C$300,$B$8,Auxiliar!I$1:I$300)/COUNTIF(RESPOSTAS!$C$2:$C$300,$B$8),2)=0,"",ROUND(SUMIF(RESPOSTAS!$C$2:$C$300,$B$8,Auxiliar!I$1:I$300)/COUNTIF(RESPOSTAS!$C$2:$C$300,$B$8),2)),"") | I8: =IFERROR(IF(ROUND(SUMIF(RESPOSTAS!$C$2:$C$300,$B$8,Auxiliar!J$1:J$300)/COUNTIF(RESPOSTAS!$C$2:$C$300,$B$8),2)=0,"",ROUND(SUMIF(RESPOSTAS!$C$2:$C$300,$B$8,Auxiliar!J$1:J$300)/COUNTIF(RESPOSTAS!$C$2:$C$300,$B$8),2)),"") | J8: =IFERROR(IF(ROUND(SUMIF(RESPOSTAS!$C$2:$C$300,$B$8,Auxiliar!K$1:K$300)/COUNTIF(RESPOSTAS!$C$2:$C$300,$B$8),2)=0,"",ROUND(SUMIF(RESPOSTAS!$C$2:$C$300,$B$8,Auxiliar!K$1:K$300)/COUNTIF(RESPOSTAS!$C$2:$C$300,$B$8),2)),"") | ... AQ8: =IFERROR(IF(ROUND(SUMIF(RESPOSTAS!$C$2:$C$300,$B$8,Auxiliar!AR$1:AR$300)/COUNTIF(RESPOSTAS!$C$2:$C$300,$B$8),2)=0,"",ROUND(SUMIF(RESPOSTAS!$C$2:$C$300,$B$8,Auxiliar!AR$1:AR$300)/COUNTIF(RESPOSTAS!$C$2:$C$300,$B$8),2)),"")
A9: =IFERROR(IF(ROUND(AVERAGE(C9:AQ9,COUNT(C9:AQ9)),2)=0,"",ROUND(AVERAGE(C9:AQ9,COUNT(C9:AQ9)),2)),"") | C9: =IFERROR(IF(ROUND(SUMIF(RESPOSTAS!$C$2:$C$300,$B$9,Auxiliar!D$1:D$300)/COUNTIF(RESPOSTAS!$C$2:$C$300,$B$9),2)=0,"",ROUND(SUMIF(RESPOSTAS!$C$2:$C$300,$B$9,Auxiliar!D$1:D$300)/COUNTIF(RESPOSTAS!$C$2:$C$300,$B$9),2)),"") | D9: =IFERROR(IF(ROUND(SUMIF(RESPOSTAS!$C$2:$C$300,$B$9,Auxiliar!E$1:E$300)/COUNTIF(RESPOSTAS!$C$2:$C$300,$B$9),2)=0,"",ROUND(SUMIF(RESPOSTAS!$C$2:$C$300,$B$9,Auxiliar!E$1:E$300)/COUNTIF(RESPOSTAS!$C$2:$C$300,$B$9),2)),"") | E9: =IFERROR(IF(ROUND(SUMIF(RESPOSTAS!$C$2:$C$300,$B$9,Auxiliar!F$1:F$300)/COUNTIF(RESPOSTAS!$C$2:$C$300,$B$9),2)=0,"",ROUND(SUMIF(RESPOSTAS!$C$2:$C$300,$B$9,Auxiliar!F$1:F$300)/COUNTIF(RESPOSTAS!$C$2:$C$300,$B$9),2)),"") | F9: =IFERROR(IF(ROUND(SUMIF(RESPOSTAS!$C$2:$C$300,$B$9,Auxiliar!G$1:G$300)/COUNTIF(RESPOSTAS!$C$2:$C$300,$B$9),2)=0,"",ROUND(SUMIF(RESPOSTAS!$C$2:$C$300,$B$9,Auxiliar!G$1:G$300)/COUNTIF(RESPOSTAS!$C$2:$C$300,$B$9),2)),"") | G9: =IFERROR(IF(ROUND(SUMIF(RESPOSTAS!$C$2:$C$300,$B$9,Auxiliar!H$1:H$300)/COUNTIF(RESPOSTAS!$C$2:$C$300,$B$9),2)=0,"",ROUND(SUMIF(RESPOSTAS!$C$2:$C$300,$B$9,Auxiliar!H$1:H$300)/COUNTIF(RESPOSTAS!$C$2:$C$300,$B$9),2)),"") | H9: =IFERROR(IF(ROUND(SUMIF(RESPOSTAS!$C$2:$C$300,$B$9,Auxiliar!I$1:I$300)/COUNTIF(RESPOSTAS!$C$2:$C$300,$B$9),2)=0,"",ROUND(SUMIF(RESPOSTAS!$C$2:$C$300,$B$9,Auxiliar!I$1:I$300)/COUNTIF(RESPOSTAS!$C$2:$C$300,$B$9),2)),"") | I9: =IFERROR(IF(ROUND(SUMIF(RESPOSTAS!$C$2:$C$300,$B$9,Auxiliar!J$1:J$300)/COUNTIF(RESPOSTAS!$C$2:$C$300,$B$9),2)=0,"",ROUND(SUMIF(RESPOSTAS!$C$2:$C$300,$B$9,Auxiliar!J$1:J$300)/COUNTIF(RESPOSTAS!$C$2:$C$300,$B$9),2)),"") | J9: =IFERROR(IF(ROUND(SUMIF(RESPOSTAS!$C$2:$C$300,$B$9,Auxiliar!K$1:K$300)/COUNTIF(RESPOSTAS!$C$2:$C$300,$B$9),2)=0,"",ROUND(SUMIF(RESPOSTAS!$C$2:$C$300,$B$9,Auxiliar!K$1:K$300)/COUNTIF(RESPOSTAS!$C$2:$C$300,$B$9),2)),"") | ... AQ9: =IFERROR(IF(ROUND(SUMIF(RESPOSTAS!$C$2:$C$300,$B$9,Auxiliar!AR$1:AR$300)/COUNTIF(RESPOSTAS!$C$2:$C$300,$B$9),2)=0,"",ROUND(SUMIF(RESPOSTAS!$C$2:$C$300,$B$9,Auxiliar!AR$1:AR$300)/COUNTIF(RESPOSTAS!$C$2:$C$300,$B$9),2)),"")
A10: =IFERROR(IF(ROUND(AVERAGE(C10:AQ10,COUNT(C10:AQ10)),2)=0,"",ROUND(AVERAGE(C10:AQ10,COUNT(C10:AQ10)),2)),"") | C10: =IFERROR(IF(ROUND(SUMIF(RESPOSTAS!$C$2:$C$300,$B$10,Auxiliar!D$1:D$300)/COUNTIF(RESPOSTAS!$C$2:$C$300,$B$10),2)=0,"",ROUND(SUMIF(RESPOSTAS!$C$2:$C$300,$B$10,Auxiliar!D$1:D$300)/COUNTIF(RESPOSTAS!$C$2:$C$300,$B$10),2)),"") | D10: =IFERROR(IF(ROUND(SUMIF(RESPOSTAS!$C$2:$C$300,$B$10,Auxiliar!E$1:E$300)/COUNTIF(RESPOSTAS!$C$2:$C$300,$B$10),2)=0,"",ROUND(SUMIF(RESPOSTAS!$C$2:$C$300,$B$10,Auxiliar!E$1:E$300)/COUNTIF(RESPOSTAS!$C$2:$C$300,$B$10),2)),"") | E10: =IFERROR(IF(ROUND(SUMIF(RESPOSTAS!$C$2:$C$300,$B$10,Auxiliar!F$1:F$300)/COUNTIF(RESPOSTAS!$C$2:$C$300,$B$10),2)=0,"",ROUND(SUMIF(RESPOSTAS!$C$2:$C$300,$B$10,Auxiliar!F$1:F$300)/COUNTIF(RESPOSTAS!$C$2:$C$300,$B$10),2)),"") | F10: =IFERROR(IF(ROUND(SUMIF(RESPOSTAS!$C$2:$C$300,$B$10,Auxiliar!G$1:G$300)/COUNTIF(RESPOSTAS!$C$2:$C$300,$B$10),2)=0,"",ROUND(SUMIF(RESPOSTAS!$C$2:$C$300,$B$10,Auxiliar!G$1:G$300)/COUNTIF(RESPOSTAS!$C$2:$C$300,$B$10),2)),"") | G10: =IFERROR(IF(ROUND(SUMIF(RESPOSTAS!$C$2:$C$300,$B$10,Auxiliar!H$1:H$300)/COUNTIF(RESPOSTAS!$C$2:$C$300,$B$10),2)=0,"",ROUND(SUMIF(RESPOSTAS!$C$2:$C$300,$B$10,Auxiliar!H$1:H$300)/COUNTIF(RESPOSTAS!$C$2:$C$300,$B$10),2)),"") | H10: =IFERROR(IF(ROUND(SUMIF(RESPOSTAS!$C$2:$C$300,$B$10,Auxiliar!I$1:I$300)/COUNTIF(RESPOSTAS!$C$2:$C$300,$B$10),2)=0,"",ROUND(SUMIF(RESPOSTAS!$C$2:$C$300,$B$10,Auxiliar!I$1:I$300)/COUNTIF(RESPOSTAS!$C$2:$C$300,$B$10),2)),"") | I10: =IFERROR(IF(ROUND(SUMIF(RESPOSTAS!$C$2:$C$300,$B$10,Auxiliar!J$1:J$300)/COUNTIF(RESPOSTAS!$C$2:$C$300,$B$10),2)=0,"",ROUND(SUMIF(RESPOSTAS!$C$2:$C$300,$B$10,Auxiliar!J$1:J$300)/COUNTIF(RESPOSTAS!$C$2:$C$300,$B$10),2)),"") | J10: =IFERROR(IF(ROUND(SUMIF(RESPOSTAS!$C$2:$C$300,$B$10,Auxiliar!K$1:K$300)/COUNTIF(RESPOSTAS!$C$2:$C$300,$B$10),2)=0,"",ROUND(SUMIF(RESPOSTAS!$C$2:$C$300,$B$10,Auxiliar!K$1:K$300)/COUNTIF(RESPOSTAS!$C$2:$C$300,$B$10),2)),"") | ... AQ10: =IFERROR(IF(ROUND(SUMIF(RESPOSTAS!$C$2:$C$300,$B$10,Auxiliar!AR$1:AR$300)/COUNTIF(RESPOSTAS!$C$2:$C$300,$B$10),2)=0,"",ROUND(SUMIF(RESPOSTAS!$C$2:$C$300,$B$10,Auxiliar!AR$1:AR$300)/COUNTIF(RESPOSTAS!$C$2:$C$300,$B$10),2)),"")
A11: =IFERROR(IF(ROUND(AVERAGE(C11:AQ11,COUNT(C11:AQ11)),2)=0,"",ROUND(AVERAGE(C11:AQ11,COUNT(C11:AQ11)),2)),"") | C11: =IFERROR(IF(ROUND(SUMIF(RESPOSTAS!$C$2:$C$300,$B$11,Auxiliar!D$1:D$300)/COUNTIF(RESPOSTAS!$C$2:$C$300,$B$11),2)=0,"",ROUND(SUMIF(RESPOSTAS!$C$2:$C$300,$B$11,Auxiliar!D$1:D$300)/COUNTIF(RESPOSTAS!$C$2:$C$300,$B$11),2)),"") | D11: =IFERROR(IF(ROUND(SUMIF(RESPOSTAS!$C$2:$C$300,$B$11,Auxiliar!E$1:E$300)/COUNTIF(RESPOSTAS!$C$2:$C$300,$B$11),2)=0,"",ROUND(SUMIF(RESPOSTAS!$C$2:$C$300,$B$11,Auxiliar!E$1:E$300)/COUNTIF(RESPOSTAS!$C$2:$C$300,$B$11),2)),"") | E11: =IFERROR(IF(ROUND(SUMIF(RESPOSTAS!$C$2:$C$300,$B$11,Auxiliar!F$1:F$300)/COUNTIF(RESPOSTAS!$C$2:$C$300,$B$11),2)=0,"",ROUND(SUMIF(RESPOSTAS!$C$2:$C$300,$B$11,Auxiliar!F$1:F$300)/COUNTIF(RESPOSTAS!$C$2:$C$300,$B$11),2)),"") | F11: =IFERROR(IF(ROUND(SUMIF(RESPOSTAS!$C$2:$C$300,$B$11,Auxiliar!G$1:G$300)/COUNTIF(RESPOSTAS!$C$2:$C$300,$B$11),2)=0,"",ROUND(SUMIF(RESPOSTAS!$C$2:$C$300,$B$11,Auxiliar!G$1:G$300)/COUNTIF(RESPOSTAS!$C$2:$C$300,$B$11),2)),"") | G11: =IFERROR(IF(ROUND(SUMIF(RESPOSTAS!$C$2:$C$300,$B$11,Auxiliar!H$1:H$300)/COUNTIF(RESPOSTAS!$C$2:$C$300,$B$11),2)=0,"",ROUND(SUMIF(RESPOSTAS!$C$2:$C$300,$B$11,Auxiliar!H$1:H$300)/COUNTIF(RESPOSTAS!$C$2:$C$300,$B$11),2)),"") | H11: =IFERROR(IF(ROUND(SUMIF(RESPOSTAS!$C$2:$C$300,$B$11,Auxiliar!I$1:I$300)/COUNTIF(RESPOSTAS!$C$2:$C$300,$B$11),2)=0,"",ROUND(SUMIF(RESPOSTAS!$C$2:$C$300,$B$11,Auxiliar!I$1:I$300)/COUNTIF(RESPOSTAS!$C$2:$C$300,$B$11),2)),"") | I11: =IFERROR(IF(ROUND(SUMIF(RESPOSTAS!$C$2:$C$300,$B$11,Auxiliar!J$1:J$300)/COUNTIF(RESPOSTAS!$C$2:$C$300,$B$11),2)=0,"",ROUND(SUMIF(RESPOSTAS!$C$2:$C$300,$B$11,Auxiliar!J$1:J$300)/COUNTIF(RESPOSTAS!$C$2:$C$300,$B$11),2)),"") | J11: =IFERROR(IF(ROUND(SUMIF(RESPOSTAS!$C$2:$C$300,$B$11,Auxiliar!K$1:K$300)/COUNTIF(RESPOSTAS!$C$2:$C$300,$B$11),2)=0,"",ROUND(SUMIF(RESPOSTAS!$C$2:$C$300,$B$11,Auxiliar!K$1:K$300)/COUNTIF(RESPOSTAS!$C$2:$C$300,$B$11),2)),"") | ... AQ11: =IFERROR(IF(ROUND(SUMIF(RESPOSTAS!$C$2:$C$300,$B$11,Auxiliar!AR$1:AR$300)/COUNTIF(RESPOSTAS!$C$2:$C$300,$B$11),2)=0,"",ROUND(SUMIF(RESPOSTAS!$C$2:$C$300,$B$11,Auxiliar!AR$1:AR$300)/COUNTIF(RESPOSTAS!$C$2:$C$300,$B$11),2)),"")
A12: =IFERROR(IF(ROUND(AVERAGE(C12:AQ12,COUNT(C12:AQ12)),2)=0,"",ROUND(AVERAGE(C12:AQ12,COUNT(C12:AQ12)),2)),"") | C12: =IFERROR(IF(ROUND(SUMIF(RESPOSTAS!$C$2:$C$300,$B$12,Auxiliar!D$1:D$300)/COUNTIF(RESPOSTAS!$C$2:$C$300,$B$12),2)=0,"",ROUND(SUMIF(RESPOSTAS!$C$2:$C$300,$B$12,Auxiliar!D$1:D$300)/COUNTIF(RESPOSTAS!$C$2:$C$300,$B$12),2)),"") | D12: =IFERROR(IF(ROUND(SUMIF(RESPOSTAS!$C$2:$C$300,$B$12,Auxiliar!E$1:E$300)/COUNTIF(RESPOSTAS!$C$2:$C$300,$B$12),2)=0,"",ROUND(SUMIF(RESPOSTAS!$C$2:$C$300,$B$12,Auxiliar!E$1:E$300)/COUNTIF(RESPOSTAS!$C$2:$C$300,$B$12),2)),"") | E12: =IFERROR(IF(ROUND(SUMIF(RESPOSTAS!$C$2:$C$300,$B$12,Auxiliar!F$1:F$300)/COUNTIF(RESPOSTAS!$C$2:$C$300,$B$12),2)=0,"",ROUND(SUMIF(RESPOSTAS!$C$2:$C$300,$B$12,Auxiliar!F$1:F$300)/COUNTIF(RESPOSTAS!$C$2:$C$300,$B$12),2)),"") | F12: =IFERROR(IF(ROUND(SUMIF(RESPOSTAS!$C$2:$C$300,$B$12,Auxiliar!G$1:G$300)/COUNTIF(RESPOSTAS!$C$2:$C$300,$B$12),2)=0,"",ROUND(SUMIF(RESPOSTAS!$C$2:$C$300,$B$12,Auxiliar!G$1:G$300)/COUNTIF(RESPOSTAS!$C$2:$C$300,$B$12),2)),"") | G12: =IFERROR(IF(ROUND(SUMIF(RESPOSTAS!$C$2:$C$300,$B$12,Auxiliar!H$1:H$300)/COUNTIF(RESPOSTAS!$C$2:$C$300,$B$12),2)=0,"",ROUND(SUMIF(RESPOSTAS!$C$2:$C$300,$B$12,Auxiliar!H$1:H$300)/COUNTIF(RESPOSTAS!$C$2:$C$300,$B$12),2)),"") | H12: =IFERROR(IF(ROUND(SUMIF(RESPOSTAS!$C$2:$C$300,$B$12,Auxiliar!I$1:I$300)/COUNTIF(RESPOSTAS!$C$2:$C$300,$B$12),2)=0,"",ROUND(SUMIF(RESPOSTAS!$C$2:$C$300,$B$12,Auxiliar!I$1:I$300)/COUNTIF(RESPOSTAS!$C$2:$C$300,$B$12),2)),"") | I12: =IFERROR(IF(ROUND(SUMIF(RESPOSTAS!$C$2:$C$300,$B$12,Auxiliar!J$1:J$300)/COUNTIF(RESPOSTAS!$C$2:$C$300,$B$12),2)=0,"",ROUND(SUMIF(RESPOSTAS!$C$2:$C$300,$B$12,Auxiliar!J$1:J$300)/COUNTIF(RESPOSTAS!$C$2:$C$300,$B$12),2)),"") | J12: =IFERROR(IF(ROUND(SUMIF(RESPOSTAS!$C$2:$C$300,$B$12,Auxiliar!K$1:K$300)/COUNTIF(RESPOSTAS!$C$2:$C$300,$B$12),2)=0,"",ROUND(SUMIF(RESPOSTAS!$C$2:$C$300,$B$12,Auxiliar!K$1:K$300)/COUNTIF(RESPOSTAS!$C$2:$C$300,$B$12),2)),"") | ... AQ12: =IFERROR(IF(ROUND(SUMIF(RESPOSTAS!$C$2:$C$300,$B$12,Auxiliar!AR$1:AR$300)/COUNTIF(RESPOSTAS!$C$2:$C$300,$B$12),2)=0,"",ROUND(SUMIF(RESPOSTAS!$C$2:$C$300,$B$12,Auxiliar!AR$1:AR$300)/COUNTIF(RESPOSTAS!$C$2:$C$300,$B$12),2)),"")
A13: =IFERROR(IF(ROUND(AVERAGE(C13:AQ13,COUNT(C13:AQ13)),2)=0,"",ROUND(AVERAGE(C13:AQ13,COUNT(C13:AQ13)),2)),"") | C13: =IFERROR(IF(ROUND(SUMIF(RESPOSTAS!$C$2:$C$300,$B$13,Auxiliar!D$1:D$300)/COUNTIF(RESPOSTAS!$C$2:$C$300,$B$13),2)=0,"",ROUND(SUMIF(RESPOSTAS!$C$2:$C$300,$B$13,Auxiliar!D$1:D$300)/COUNTIF(RESPOSTAS!$C$2:$C$300,$B$13),2)),"") | D13: =IFERROR(IF(ROUND(SUMIF(RESPOSTAS!$C$2:$C$300,$B$13,Auxiliar!E$1:E$300)/COUNTIF(RESPOSTAS!$C$2:$C$300,$B$13),2)=0,"",ROUND(SUMIF(RESPOSTAS!$C$2:$C$300,$B$13,Auxiliar!E$1:E$300)/COUNTIF(RESPOSTAS!$C$2:$C$300,$B$13),2)),"") | E13: =IFERROR(IF(ROUND(SUMIF(RESPOSTAS!$C$2:$C$300,$B$13,Auxiliar!F$1:F$300)/COUNTIF(RESPOSTAS!$C$2:$C$300,$B$13),2)=0,"",ROUND(SUMIF(RESPOSTAS!$C$2:$C$300,$B$13,Auxiliar!F$1:F$300)/COUNTIF(RESPOSTAS!$C$2:$C$300,$B$13),2)),"") | F13: =IFERROR(IF(ROUND(SUMIF(RESPOSTAS!$C$2:$C$300,$B$13,Auxiliar!G$1:G$300)/COUNTIF(RESPOSTAS!$C$2:$C$300,$B$13),2)=0,"",ROUND(SUMIF(RESPOSTAS!$C$2:$C$300,$B$13,Auxiliar!G$1:G$300)/COUNTIF(RESPOSTAS!$C$2:$C$300,$B$13),2)),"") | G13: =IFERROR(IF(ROUND(SUMIF(RESPOSTAS!$C$2:$C$300,$B$13,Auxiliar!H$1:H$300)/COUNTIF(RESPOSTAS!$C$2:$C$300,$B$13),2)=0,"",ROUND(SUMIF(RESPOSTAS!$C$2:$C$300,$B$13,Auxiliar!H$1:H$300)/COUNTIF(RESPOSTAS!$C$2:$C$300,$B$13),2)),"") | H13: =IFERROR(IF(ROUND(SUMIF(RESPOSTAS!$C$2:$C$300,$B$13,Auxiliar!I$1:I$300)/COUNTIF(RESPOSTAS!$C$2:$C$300,$B$13),2)=0,"",ROUND(SUMIF(RESPOSTAS!$C$2:$C$300,$B$13,Auxiliar!I$1:I$300)/COUNTIF(RESPOSTAS!$C$2:$C$300,$B$13),2)),"") | I13: =IFERROR(IF(ROUND(SUMIF(RESPOSTAS!$C$2:$C$300,$B$13,Auxiliar!J$1:J$300)/COUNTIF(RESPOSTAS!$C$2:$C$300,$B$13),2)=0,"",ROUND(SUMIF(RESPOSTAS!$C$2:$C$300,$B$13,Auxiliar!J$1:J$300)/COUNTIF(RESPOSTAS!$C$2:$C$300,$B$13),2)),"") | J13: =IFERROR(IF(ROUND(SUMIF(RESPOSTAS!$C$2:$C$300,$B$13,Auxiliar!K$1:K$300)/COUNTIF(RESPOSTAS!$C$2:$C$300,$B$13),2)=0,"",ROUND(SUMIF(RESPOSTAS!$C$2:$C$300,$B$13,Auxiliar!K$1:K$300)/COUNTIF(RESPOSTAS!$C$2:$C$300,$B$13),2)),"") | ... AQ13: =IFERROR(IF(ROUND(SUMIF(RESPOSTAS!$C$2:$C$300,$B$13,Auxiliar!AR$1:AR$300)/COUNTIF(RESPOSTAS!$C$2:$C$300,$B$13),2)=0,"",ROUND(SUMIF(RESPOSTAS!$C$2:$C$300,$B$13,Auxiliar!AR$1:AR$300)/COUNTIF(RESPOSTAS!$C$2:$C$300,$B$13),2)),"")
A14: =IFERROR(IF(ROUND(AVERAGE(C14:AQ14,COUNT(C14:AQ14)),2)=0,"",ROUND(AVERAGE(C14:AQ14,COUNT(C14:AQ14)),2)),"") | C14: =IFERROR(IF(ROUND(SUMIF(RESPOSTAS!$C$2:$C$300,$B$14,Auxiliar!D$1:D$300)/COUNTIF(RESPOSTAS!$C$2:$C$300,$B$14),2)=0,"",ROUND(SUMIF(RESPOSTAS!$C$2:$C$300,$B$14,Auxiliar!D$1:D$300)/COUNTIF(RESPOSTAS!$C$2:$C$300,$B$14),2)),"") | D14: =IFERROR(IF(ROUND(SUMIF(RESPOSTAS!$C$2:$C$300,$B$14,Auxiliar!E$1:E$300)/COUNTIF(RESPOSTAS!$C$2:$C$300,$B$14),2)=0,"",ROUND(SUMIF(RESPOSTAS!$C$2:$C$300,$B$14,Auxiliar!E$1:E$300)/COUNTIF(RESPOSTAS!$C$2:$C$300,$B$14),2)),"") | E14: =IFERROR(IF(ROUND(SUMIF(RESPOSTAS!$C$2:$C$300,$B$14,Auxiliar!F$1:F$300)/COUNTIF(RESPOSTAS!$C$2:$C$300,$B$14),2)=0,"",ROUND(SUMIF(RESPOSTAS!$C$2:$C$300,$B$14,Auxiliar!F$1:F$300)/COUNTIF(RESPOSTAS!$C$2:$C$300,$B$14),2)),"") | F14: =IFERROR(IF(ROUND(SUMIF(RESPOSTAS!$C$2:$C$300,$B$14,Auxiliar!G$1:G$300)/COUNTIF(RESPOSTAS!$C$2:$C$300,$B$14),2)=0,"",ROUND(SUMIF(RESPOSTAS!$C$2:$C$300,$B$14,Auxiliar!G$1:G$300)/COUNTIF(RESPOSTAS!$C$2:$C$300,$B$14),2)),"") | G14: =IFERROR(IF(ROUND(SUMIF(RESPOSTAS!$C$2:$C$300,$B$14,Auxiliar!H$1:H$300)/COUNTIF(RESPOSTAS!$C$2:$C$300,$B$14),2)=0,"",ROUND(SUMIF(RESPOSTAS!$C$2:$C$300,$B$14,Auxiliar!H$1:H$300)/COUNTIF(RESPOSTAS!$C$2:$C$300,$B$14),2)),"") | H14: =IFERROR(IF(ROUND(SUMIF(RESPOSTAS!$C$2:$C$300,$B$14,Auxiliar!I$1:I$300)/COUNTIF(RESPOSTAS!$C$2:$C$300,$B$14),2)=0,"",ROUND(SUMIF(RESPOSTAS!$C$2:$C$300,$B$14,Auxiliar!I$1:I$300)/COUNTIF(RESPOSTAS!$C$2:$C$300,$B$14),2)),"") | I14: =IFERROR(IF(ROUND(SUMIF(RESPOSTAS!$C$2:$C$300,$B$14,Auxiliar!J$1:J$300)/COUNTIF(RESPOSTAS!$C$2:$C$300,$B$14),2)=0,"",ROUND(SUMIF(RESPOSTAS!$C$2:$C$300,$B$14,Auxiliar!J$1:J$300)/COUNTIF(RESPOSTAS!$C$2:$C$300,$B$14),2)),"") | J14: =IFERROR(IF(ROUND(SUMIF(RESPOSTAS!$C$2:$C$300,$B$14,Auxiliar!K$1:K$300)/COUNTIF(RESPOSTAS!$C$2:$C$300,$B$14),2)=0,"",ROUND(SUMIF(RESPOSTAS!$C$2:$C$300,$B$14,Auxiliar!K$1:K$300)/COUNTIF(RESPOSTAS!$C$2:$C$300,$B$14),2)),"") | ... AQ14: =IFERROR(IF(ROUND(SUMIF(RESPOSTAS!$C$2:$C$300,$B$14,Auxiliar!AR$1:AR$300)/COUNTIF(RESPOSTAS!$C$2:$C$300,$B$14),2)=0,"",ROUND(SUMIF(RESPOSTAS!$C$2:$C$300,$B$14,Auxiliar!AR$1:AR$300)/COUNTIF(RESPOSTAS!$C$2:$C$300,$B$14),2)),"")
A15: =IFERROR(IF(ROUND(AVERAGE(C15:AQ15,COUNT(C15:AQ15)),2)=0,"",ROUND(AVERAGE(C15:AQ15,COUNT(C15:AQ15)),2)),"") | C15: =IFERROR(IF(ROUND(SUMIF(RESPOSTAS!$C$2:$C$300,$B$15,Auxiliar!D$1:D$300)/COUNTIF(RESPOSTAS!$C$2:$C$300,$B$15),2)=0,"",ROUND(SUMIF(RESPOSTAS!$C$2:$C$300,$B$15,Auxiliar!D$1:D$300)/COUNTIF(RESPOSTAS!$C$2:$C$300,$B$15),2)),"") | D15: =IFERROR(IF(ROUND(SUMIF(RESPOSTAS!$C$2:$C$300,$B$15,Auxiliar!E$1:E$300)/COUNTIF(RESPOSTAS!$C$2:$C$300,$B$15),2)=0,"",ROUND(SUMIF(RESPOSTAS!$C$2:$C$300,$B$15,Auxiliar!E$1:E$300)/COUNTIF(RESPOSTAS!$C$2:$C$300,$B$15),2)),"") | E15: =IFERROR(IF(ROUND(SUMIF(RESPOSTAS!$C$2:$C$300,$B$15,Auxiliar!F$1:F$300)/COUNTIF(RESPOSTAS!$C$2:$C$300,$B$15),2)=0,"",ROUND(SUMIF(RESPOSTAS!$C$2:$C$300,$B$15,Auxiliar!F$1:F$300)/COUNTIF(RESPOSTAS!$C$2:$C$300,$B$15),2)),"") | F15: =IFERROR(IF(ROUND(SUMIF(RESPOSTAS!$C$2:$C$300,$B$15,Auxiliar!G$1:G$300)/COUNTIF(RESPOSTAS!$C$2:$C$300,$B$15),2)=0,"",ROUND(SUMIF(RESPOSTAS!$C$2:$C$300,$B$15,Auxiliar!G$1:G$300)/COUNTIF(RESPOSTAS!$C$2:$C$300,$B$15),2)),"") | G15: =IFERROR(IF(ROUND(SUMIF(RESPOSTAS!$C$2:$C$300,$B$15,Auxiliar!H$1:H$300)/COUNTIF(RESPOSTAS!$C$2:$C$300,$B$15),2)=0,"",ROUND(SUMIF(RESPOSTAS!$C$2:$C$300,$B$15,Auxiliar!H$1:H$300)/COUNTIF(RESPOSTAS!$C$2:$C$300,$B$15),2)),"") | H15: =IFERROR(IF(ROUND(SUMIF(RESPOSTAS!$C$2:$C$300,$B$15,Auxiliar!I$1:I$300)/COUNTIF(RESPOSTAS!$C$2:$C$300,$B$15),2)=0,"",ROUND(SUMIF(RESPOSTAS!$C$2:$C$300,$B$15,Auxiliar!I$1:I$300)/COUNTIF(RESPOSTAS!$C$2:$C$300,$B$15),2)),"") | I15: =IFERROR(IF(ROUND(SUMIF(RESPOSTAS!$C$2:$C$300,$B$15,Auxiliar!J$1:J$300)/COUNTIF(RESPOSTAS!$C$2:$C$300,$B$15),2)=0,"",ROUND(SUMIF(RESPOSTAS!$C$2:$C$300,$B$15,Auxiliar!J$1:J$300)/COUNTIF(RESPOSTAS!$C$2:$C$300,$B$15),2)),"") | J15: =IFERROR(IF(ROUND(SUMIF(RESPOSTAS!$C$2:$C$300,$B$15,Auxiliar!K$1:K$300)/COUNTIF(RESPOSTAS!$C$2:$C$300,$B$15),2)=0,"",ROUND(SUMIF(RESPOSTAS!$C$2:$C$300,$B$15,Auxiliar!K$1:K$300)/COUNTIF(RESPOSTAS!$C$2:$C$300,$B$15),2)),"") | ... AQ15: =IFERROR(IF(ROUND(SUMIF(RESPOSTAS!$C$2:$C$300,$B$15,Auxiliar!AR$1:AR$300)/COUNTIF(RESPOSTAS!$C$2:$C$300,$B$15),2)=0,"",ROUND(SUMIF(RESPOSTAS!$C$2:$C$300,$B$15,Auxiliar!AR$1:AR$300)/COUNTIF(RESPOSTAS!$C$2:$C$300,$B$15),2)),"")
A16: =IFERROR(IF(ROUND(AVERAGE(C16:AQ16,COUNT(C16:AQ16)),2)=0,"",ROUND(AVERAGE(C16:AQ16,COUNT(C16:AQ16)),2)),"") | C16: =IFERROR(IF(ROUND(SUMIF(RESPOSTAS!$C$2:$C$300,$B$16,Auxiliar!D$1:D$300)/COUNTIF(RESPOSTAS!$C$2:$C$300,$B$16),2)=0,"",ROUND(SUMIF(RESPOSTAS!$C$2:$C$300,$B$16,Auxiliar!D$1:D$300)/COUNTIF(RESPOSTAS!$C$2:$C$300,$B$16),2)),"") | D16: =IFERROR(IF(ROUND(SUMIF(RESPOSTAS!$C$2:$C$300,$B$16,Auxiliar!E$1:E$300)/COUNTIF(RESPOSTAS!$C$2:$C$300,$B$16),2)=0,"",ROUND(SUMIF(RESPOSTAS!$C$2:$C$300,$B$16,Auxiliar!E$1:E$300)/COUNTIF(RESPOSTAS!$C$2:$C$300,$B$16),2)),"") | E16: =IFERROR(IF(ROUND(SUMIF(RESPOSTAS!$C$2:$C$300,$B$16,Auxiliar!F$1:F$300)/COUNTIF(RESPOSTAS!$C$2:$C$300,$B$16),2)=0,"",ROUND(SUMIF(RESPOSTAS!$C$2:$C$300,$B$16,Auxiliar!F$1:F$300)/COUNTIF(RESPOSTAS!$C$2:$C$300,$B$16),2)),"") | F16: =IFERROR(IF(ROUND(SUMIF(RESPOSTAS!$C$2:$C$300,$B$16,Auxiliar!G$1:G$300)/COUNTIF(RESPOSTAS!$C$2:$C$300,$B$16),2)=0,"",ROUND(SUMIF(RESPOSTAS!$C$2:$C$300,$B$16,Auxiliar!G$1:G$300)/COUNTIF(RESPOSTAS!$C$2:$C$300,$B$16),2)),"") | G16: =IFERROR(IF(ROUND(SUMIF(RESPOSTAS!$C$2:$C$300,$B$16,Auxiliar!H$1:H$300)/COUNTIF(RESPOSTAS!$C$2:$C$300,$B$16),2)=0,"",ROUND(SUMIF(RESPOSTAS!$C$2:$C$300,$B$16,Auxiliar!H$1:H$300)/COUNTIF(RESPOSTAS!$C$2:$C$300,$B$16),2)),"") | H16: =IFERROR(IF(ROUND(SUMIF(RESPOSTAS!$C$2:$C$300,$B$16,Auxiliar!I$1:I$300)/COUNTIF(RESPOSTAS!$C$2:$C$300,$B$16),2)=0,"",ROUND(SUMIF(RESPOSTAS!$C$2:$C$300,$B$16,Auxiliar!I$1:I$300)/COUNTIF(RESPOSTAS!$C$2:$C$300,$B$16),2)),"") | I16: =IFERROR(IF(ROUND(SUMIF(RESPOSTAS!$C$2:$C$300,$B$16,Auxiliar!J$1:J$300)/COUNTIF(RESPOSTAS!$C$2:$C$300,$B$16),2)=0,"",ROUND(SUMIF(RESPOSTAS!$C$2:$C$300,$B$16,Auxiliar!J$1:J$300)/COUNTIF(RESPOSTAS!$C$2:$C$300,$B$16),2)),"") | J16: =IFERROR(IF(ROUND(SUMIF(RESPOSTAS!$C$2:$C$300,$B$16,Auxiliar!K$1:K$300)/COUNTIF(RESPOSTAS!$C$2:$C$300,$B$16),2)=0,"",ROUND(SUMIF(RESPOSTAS!$C$2:$C$300,$B$16,Auxiliar!K$1:K$300)/COUNTIF(RESPOSTAS!$C$2:$C$300,$B$16),2)),"") | ... AQ16: =IFERROR(IF(ROUND(SUMIF(RESPOSTAS!$C$2:$C$300,$B$16,Auxiliar!AR$1:AR$300)/COUNTIF(RESPOSTAS!$C$2:$C$300,$B$16),2)=0,"",ROUND(SUMIF(RESPOSTAS!$C$2:$C$300,$B$16,Auxiliar!AR$1:AR$300)/COUNTIF(RESPOSTAS!$C$2:$C$300,$B$16),2)),"")
A17: =IFERROR(IF(ROUND(AVERAGE(C17:AQ17,COUNT(C17:AQ17)),2)=0,"",ROUND(AVERAGE(C17:AQ17,COUNT(C17:AQ17)),2)),"") | C17: =IFERROR(IF(ROUND(SUMIF(RESPOSTAS!$C$2:$C$300,$B$17,Auxiliar!D$1:D$300)/COUNTIF(RESPOSTAS!$C$2:$C$300,$B$17),2)=0,"",ROUND(SUMIF(RESPOSTAS!$C$2:$C$300,$B$17,Auxiliar!D$1:D$300)/COUNTIF(RESPOSTAS!$C$2:$C$300,$B$17),2)),"") | D17: =IFERROR(IF(ROUND(SUMIF(RESPOSTAS!$C$2:$C$300,$B$17,Auxiliar!E$1:E$300)/COUNTIF(RESPOSTAS!$C$2:$C$300,$B$17),2)=0,"",ROUND(SUMIF(RESPOSTAS!$C$2:$C$300,$B$17,Auxiliar!E$1:E$300)/COUNTIF(RESPOSTAS!$C$2:$C$300,$B$17),2)),"") | E17: =IFERROR(IF(ROUND(SUMIF(RESPOSTAS!$C$2:$C$300,$B$17,Auxiliar!F$1:F$300)/COUNTIF(RESPOSTAS!$C$2:$C$300,$B$17),2)=0,"",ROUND(SUMIF(RESPOSTAS!$C$2:$C$300,$B$17,Auxiliar!F$1:F$300)/COUNTIF(RESPOSTAS!$C$2:$C$300,$B$17),2)),"") | F17: =IFERROR(IF(ROUND(SUMIF(RESPOSTAS!$C$2:$C$300,$B$17,Auxiliar!G$1:G$300)/COUNTIF(RESPOSTAS!$C$2:$C$300,$B$17),2)=0,"",ROUND(SUMIF(RESPOSTAS!$C$2:$C$300,$B$17,Auxiliar!G$1:G$300)/COUNTIF(RESPOSTAS!$C$2:$C$300,$B$17),2)),"") | G17: =IFERROR(IF(ROUND(SUMIF(RESPOSTAS!$C$2:$C$300,$B$17,Auxiliar!H$1:H$300)/COUNTIF(RESPOSTAS!$C$2:$C$300,$B$17),2)=0,"",ROUND(SUMIF(RESPOSTAS!$C$2:$C$300,$B$17,Auxiliar!H$1:H$300)/COUNTIF(RESPOSTAS!$C$2:$C$300,$B$17),2)),"") | H17: =IFERROR(IF(ROUND(SUMIF(RESPOSTAS!$C$2:$C$300,$B$17,Auxiliar!I$1:I$300)/COUNTIF(RESPOSTAS!$C$2:$C$300,$B$17),2)=0,"",ROUND(SUMIF(RESPOSTAS!$C$2:$C$300,$B$17,Auxiliar!I$1:I$300)/COUNTIF(RESPOSTAS!$C$2:$C$300,$B$17),2)),"") | I17: =IFERROR(IF(ROUND(SUMIF(RESPOSTAS!$C$2:$C$300,$B$17,Auxiliar!J$1:J$300)/COUNTIF(RESPOSTAS!$C$2:$C$300,$B$17),2)=0,"",ROUND(SUMIF(RESPOSTAS!$C$2:$C$300,$B$17,Auxiliar!J$1:J$300)/COUNTIF(RESPOSTAS!$C$2:$C$300,$B$17),2)),"") | J17: =IFERROR(IF(ROUND(SUMIF(RESPOSTAS!$C$2:$C$300,$B$17,Auxiliar!K$1:K$300)/COUNTIF(RESPOSTAS!$C$2:$C$300,$B$17),2)=0,"",ROUND(SUMIF(RESPOSTAS!$C$2:$C$300,$B$17,Auxiliar!K$1:K$300)/COUNTIF(RESPOSTAS!$C$2:$C$300,$B$17),2)),"") | ... AQ17: =IFERROR(IF(ROUND(SUMIF(RESPOSTAS!$C$2:$C$300,$B$17,Auxiliar!AR$1:AR$300)/COUNTIF(RESPOSTAS!$C$2:$C$300,$B$17),2)=0,"",ROUND(SUMIF(RESPOSTAS!$C$2:$C$300,$B$17,Auxiliar!AR$1:AR$300)/COUNTIF(RESPOSTAS!$C$2:$C$300,$B$17),2)),"")
A18: =IFERROR(IF(ROUND(AVERAGE(C18:AQ18,COUNT(C18:AQ18)),2)=0,"",ROUND(AVERAGE(C18:AQ18,COUNT(C18:AQ18)),2)),"") | C18: =IFERROR(IF(ROUND(SUMIF(RESPOSTAS!$C$2:$C$300,$B$18,Auxiliar!D$1:D$300)/COUNTIF(RESPOSTAS!$C$2:$C$300,$B$18),2)=0,"",ROUND(SUMIF(RESPOSTAS!$C$2:$C$300,$B$18,Auxiliar!D$1:D$300)/COUNTIF(RESPOSTAS!$C$2:$C$300,$B$18),2)),"") | D18: =IFERROR(IF(ROUND(SUMIF(RESPOSTAS!$C$2:$C$300,$B$18,Auxiliar!E$1:E$300)/COUNTIF(RESPOSTAS!$C$2:$C$300,$B$18),2)=0,"",ROUND(SUMIF(RESPOSTAS!$C$2:$C$300,$B$18,Auxiliar!E$1:E$300)/COUNTIF(RESPOSTAS!$C$2:$C$300,$B$18),2)),"") | E18: =IFERROR(IF(ROUND(SUMIF(RESPOSTAS!$C$2:$C$300,$B$18,Auxiliar!F$1:F$300)/COUNTIF(RESPOSTAS!$C$2:$C$300,$B$18),2)=0,"",ROUND(SUMIF(RESPOSTAS!$C$2:$C$300,$B$18,Auxiliar!F$1:F$300)/COUNTIF(RESPOSTAS!$C$2:$C$300,$B$18),2)),"") | F18: =IFERROR(IF(ROUND(SUMIF(RESPOSTAS!$C$2:$C$300,$B$18,Auxiliar!G$1:G$300)/COUNTIF(RESPOSTAS!$C$2:$C$300,$B$18),2)=0,"",ROUND(SUMIF(RESPOSTAS!$C$2:$C$300,$B$18,Auxiliar!G$1:G$300)/COUNTIF(RESPOSTAS!$C$2:$C$300,$B$18),2)),"") | G18: =IFERROR(IF(ROUND(SUMIF(RESPOSTAS!$C$2:$C$300,$B$18,Auxiliar!H$1:H$300)/COUNTIF(RESPOSTAS!$C$2:$C$300,$B$18),2)=0,"",ROUND(SUMIF(RESPOSTAS!$C$2:$C$300,$B$18,Auxiliar!H$1:H$300)/COUNTIF(RESPOSTAS!$C$2:$C$300,$B$18),2)),"") | H18: =IFERROR(IF(ROUND(SUMIF(RESPOSTAS!$C$2:$C$300,$B$18,Auxiliar!I$1:I$300)/COUNTIF(RESPOSTAS!$C$2:$C$300,$B$18),2)=0,"",ROUND(SUMIF(RESPOSTAS!$C$2:$C$300,$B$18,Auxiliar!I$1:I$300)/COUNTIF(RESPOSTAS!$C$2:$C$300,$B$18),2)),"") | I18: =IFERROR(IF(ROUND(SUMIF(RESPOSTAS!$C$2:$C$300,$B$18,Auxiliar!J$1:J$300)/COUNTIF(RESPOSTAS!$C$2:$C$300,$B$18),2)=0,"",ROUND(SUMIF(RESPOSTAS!$C$2:$C$300,$B$18,Auxiliar!J$1:J$300)/COUNTIF(RESPOSTAS!$C$2:$C$300,$B$18),2)),"") | J18: =IFERROR(IF(ROUND(SUMIF(RESPOSTAS!$C$2:$C$300,$B$18,Auxiliar!K$1:K$300)/COUNTIF(RESPOSTAS!$C$2:$C$300,$B$18),2)=0,"",ROUND(SUMIF(RESPOSTAS!$C$2:$C$300,$B$18,Auxiliar!K$1:K$300)/COUNTIF(RESPOSTAS!$C$2:$C$300,$B$18),2)),"") | ... AQ18: =IFERROR(IF(ROUND(SUMIF(RESPOSTAS!$C$2:$C$300,$B$18,Auxiliar!AR$1:AR$300)/COUNTIF(RESPOSTAS!$C$2:$C$300,$B$18),2)=0,"",ROUND(SUMIF(RESPOSTAS!$C$2:$C$300,$B$18,Auxiliar!AR$1:AR$300)/COUNTIF(RESPOSTAS!$C$2:$C$300,$B$18),2)),"")
A19: =IFERROR(IF(ROUND(AVERAGE(C19:AQ19,COUNT(C19:AQ19)),2)=0,"",ROUND(AVERAGE(C19:AQ19,COUNT(C19:AQ19)),2)),"") | C19: =IFERROR(IF(ROUND(SUMIF(RESPOSTAS!$C$2:$C$300,$B$19,Auxiliar!D$1:D$300)/COUNTIF(RESPOSTAS!$C$2:$C$300,$B$19),2)=0,"",ROUND(SUMIF(RESPOSTAS!$C$2:$C$300,$B$19,Auxiliar!D$1:D$300)/COUNTIF(RESPOSTAS!$C$2:$C$300,$B$19),2)),"") | D19: =IFERROR(IF(ROUND(SUMIF(RESPOSTAS!$C$2:$C$300,$B$19,Auxiliar!E$1:E$300)/COUNTIF(RESPOSTAS!$C$2:$C$300,$B$19),2)=0,"",ROUND(SUMIF(RESPOSTAS!$C$2:$C$300,$B$19,Auxiliar!E$1:E$300)/COUNTIF(RESPOSTAS!$C$2:$C$300,$B$19),2)),"") | E19: =IFERROR(IF(ROUND(SUMIF(RESPOSTAS!$C$2:$C$300,$B$19,Auxiliar!F$1:F$300)/COUNTIF(RESPOSTAS!$C$2:$C$300,$B$19),2)=0,"",ROUND(SUMIF(RESPOSTAS!$C$2:$C$300,$B$19,Auxiliar!F$1:F$300)/COUNTIF(RESPOSTAS!$C$2:$C$300,$B$19),2)),"") | F19: =IFERROR(IF(ROUND(SUMIF(RESPOSTAS!$C$2:$C$300,$B$19,Auxiliar!G$1:G$300)/COUNTIF(RESPOSTAS!$C$2:$C$300,$B$19),2)=0,"",ROUND(SUMIF(RESPOSTAS!$C$2:$C$300,$B$19,Auxiliar!G$1:G$300)/COUNTIF(RESPOSTAS!$C$2:$C$300,$B$19),2)),"") | G19: =IFERROR(IF(ROUND(SUMIF(RESPOSTAS!$C$2:$C$300,$B$19,Auxiliar!H$1:H$300)/COUNTIF(RESPOSTAS!$C$2:$C$300,$B$19),2)=0,"",ROUND(SUMIF(RESPOSTAS!$C$2:$C$300,$B$19,Auxiliar!H$1:H$300)/COUNTIF(RESPOSTAS!$C$2:$C$300,$B$19),2)),"") | H19: =IFERROR(IF(ROUND(SUMIF(RESPOSTAS!$C$2:$C$300,$B$19,Auxiliar!I$1:I$300)/COUNTIF(RESPOSTAS!$C$2:$C$300,$B$19),2)=0,"",ROUND(SUMIF(RESPOSTAS!$C$2:$C$300,$B$19,Auxiliar!I$1:I$300)/COUNTIF(RESPOSTAS!$C$2:$C$300,$B$19),2)),"") | I19: =IFERROR(IF(ROUND(SUMIF(RESPOSTAS!$C$2:$C$300,$B$19,Auxiliar!J$1:J$300)/COUNTIF(RESPOSTAS!$C$2:$C$300,$B$19),2)=0,"",ROUND(SUMIF(RESPOSTAS!$C$2:$C$300,$B$19,Auxiliar!J$1:J$300)/COUNTIF(RESPOSTAS!$C$2:$C$300,$B$19),2)),"") | J19: =IFERROR(IF(ROUND(SUMIF(RESPOSTAS!$C$2:$C$300,$B$19,Auxiliar!K$1:K$300)/COUNTIF(RESPOSTAS!$C$2:$C$300,$B$19),2)=0,"",ROUND(SUMIF(RESPOSTAS!$C$2:$C$300,$B$19,Auxiliar!K$1:K$300)/COUNTIF(RESPOSTAS!$C$2:$C$300,$B$19),2)),"") | ... AQ19: =IFERROR(IF(ROUND(SUMIF(RESPOSTAS!$C$2:$C$300,$B$19,Auxiliar!AR$1:AR$300)/COUNTIF(RESPOSTAS!$C$2:$C$300,$B$19),2)=0,"",ROUND(SUMIF(RESPOSTAS!$C$2:$C$300,$B$19,Auxiliar!AR$1:AR$300)/COUNTIF(RESPOSTAS!$C$2:$C$300,$B$19),2)),"")
A20: =IFERROR(IF(ROUND(AVERAGE(C20:AQ20,COUNT(C20:AQ20)),2)=0,"",ROUND(AVERAGE(C20:AQ20,COUNT(C20:AQ20)),2)),"") | C20: =IFERROR(IF(ROUND(SUMIF(RESPOSTAS!$C$2:$C$300,$B$20,Auxiliar!D$1:D$300)/COUNTIF(RESPOSTAS!$C$2:$C$300,$B$20),2)=0,"",ROUND(SUMIF(RESPOSTAS!$C$2:$C$300,$B$20,Auxiliar!D$1:D$300)/COUNTIF(RESPOSTAS!$C$2:$C$300,$B$20),2)),"") | D20: =IFERROR(IF(ROUND(SUMIF(RESPOSTAS!$C$2:$C$300,$B$20,Auxiliar!E$1:E$300)/COUNTIF(RESPOSTAS!$C$2:$C$300,$B$20),2)=0,"",ROUND(SUMIF(RESPOSTAS!$C$2:$C$300,$B$20,Auxiliar!E$1:E$300)/COUNTIF(RESPOSTAS!$C$2:$C$300,$B$20),2)),"") | E20: =IFERROR(IF(ROUND(SUMIF(RESPOSTAS!$C$2:$C$300,$B$20,Auxiliar!F$1:F$300)/COUNTIF(RESPOSTAS!$C$2:$C$300,$B$20),2)=0,"",ROUND(SUMIF(RESPOSTAS!$C$2:$C$300,$B$20,Auxiliar!F$1:F$300)/COUNTIF(RESPOSTAS!$C$2:$C$300,$B$20),2)),"") | F20: =IFERROR(IF(ROUND(SUMIF(RESPOSTAS!$C$2:$C$300,$B$20,Auxiliar!G$1:G$300)/COUNTIF(RESPOSTAS!$C$2:$C$300,$B$20),2)=0,"",ROUND(SUMIF(RESPOSTAS!$C$2:$C$300,$B$20,Auxiliar!G$1:G$300)/COUNTIF(RESPOSTAS!$C$2:$C$300,$B$20),2)),"") | G20: =IFERROR(IF(ROUND(SUMIF(RESPOSTAS!$C$2:$C$300,$B$20,Auxiliar!H$1:H$300)/COUNTIF(RESPOSTAS!$C$2:$C$300,$B$20),2)=0,"",ROUND(SUMIF(RESPOSTAS!$C$2:$C$300,$B$20,Auxiliar!H$1:H$300)/COUNTIF(RESPOSTAS!$C$2:$C$300,$B$20),2)),"") | H20: =IFERROR(IF(ROUND(SUMIF(RESPOSTAS!$C$2:$C$300,$B$20,Auxiliar!I$1:I$300)/COUNTIF(RESPOSTAS!$C$2:$C$300,$B$20),2)=0,"",ROUND(SUMIF(RESPOSTAS!$C$2:$C$300,$B$20,Auxiliar!I$1:I$300)/COUNTIF(RESPOSTAS!$C$2:$C$300,$B$20),2)),"") | I20: =IFERROR(IF(ROUND(SUMIF(RESPOSTAS!$C$2:$C$300,$B$20,Auxiliar!J$1:J$300)/COUNTIF(RESPOSTAS!$C$2:$C$300,$B$20),2)=0,"",ROUND(SUMIF(RESPOSTAS!$C$2:$C$300,$B$20,Auxiliar!J$1:J$300)/COUNTIF(RESPOSTAS!$C$2:$C$300,$B$20),2)),"") | J20: =IFERROR(IF(ROUND(SUMIF(RESPOSTAS!$C$2:$C$300,$B$20,Auxiliar!K$1:K$300)/COUNTIF(RESPOSTAS!$C$2:$C$300,$B$20),2)=0,"",ROUND(SUMIF(RESPOSTAS!$C$2:$C$300,$B$20,Auxiliar!K$1:K$300)/COUNTIF(RESPOSTAS!$C$2:$C$300,$B$20),2)),"") | ... AQ20: =IFERROR(IF(ROUND(SUMIF(RESPOSTAS!$C$2:$C$300,$B$20,Auxiliar!AR$1:AR$300)/COUNTIF(RESPOSTAS!$C$2:$C$300,$B$20),2)=0,"",ROUND(SUMIF(RESPOSTAS!$C$2:$C$300,$B$20,Auxiliar!AR$1:AR$300)/COUNTIF(RESPOSTAS!$C$2:$C$300,$B$20),2)),"")
A21: =IFERROR(IF(ROUND(AVERAGE(C21:AQ21,COUNT(C21:AQ21)),2)=0,"",ROUND(AVERAGE(C21:AQ21,COUNT(C21:AQ21)),2)),"") | C21: =IFERROR(IF(ROUND(SUMIF(RESPOSTAS!$C$2:$C$300,$B$21,Auxiliar!D$1:D$300)/COUNTIF(RESPOSTAS!$C$2:$C$300,$B$21),2)=0,"",ROUND(SUMIF(RESPOSTAS!$C$2:$C$300,$B$21,Auxiliar!D$1:D$300)/COUNTIF(RESPOSTAS!$C$2:$C$300,$B$21),2)),"") | D21: =IFERROR(IF(ROUND(SUMIF(RESPOSTAS!$C$2:$C$300,$B$21,Auxiliar!E$1:E$300)/COUNTIF(RESPOSTAS!$C$2:$C$300,$B$21),2)=0,"",ROUND(SUMIF(RESPOSTAS!$C$2:$C$300,$B$21,Auxiliar!E$1:E$300)/COUNTIF(RESPOSTAS!$C$2:$C$300,$B$21),2)),"") | E21: =IFERROR(IF(ROUND(SUMIF(RESPOSTAS!$C$2:$C$300,$B$21,Auxiliar!F$1:F$300)/COUNTIF(RESPOSTAS!$C$2:$C$300,$B$21),2)=0,"",ROUND(SUMIF(RESPOSTAS!$C$2:$C$300,$B$21,Auxiliar!F$1:F$300)/COUNTIF(RESPOSTAS!$C$2:$C$300,$B$21),2)),"") | F21: =IFERROR(IF(ROUND(SUMIF(RESPOSTAS!$C$2:$C$300,$B$21,Auxiliar!G$1:G$300)/COUNTIF(RESPOSTAS!$C$2:$C$300,$B$21),2)=0,"",ROUND(SUMIF(RESPOSTAS!$C$2:$C$300,$B$21,Auxiliar!G$1:G$300)/COUNTIF(RESPOSTAS!$C$2:$C$300,$B$21),2)),"") | G21: =IFERROR(IF(ROUND(SUMIF(RESPOSTAS!$C$2:$C$300,$B$21,Auxiliar!H$1:H$300)/COUNTIF(RESPOSTAS!$C$2:$C$300,$B$21),2)=0,"",ROUND(SUMIF(RESPOSTAS!$C$2:$C$300,$B$21,Auxiliar!H$1:H$300)/COUNTIF(RESPOSTAS!$C$2:$C$300,$B$21),2)),"") | H21: =IFERROR(IF(ROUND(SUMIF(RESPOSTAS!$C$2:$C$300,$B$21,Auxiliar!I$1:I$300)/COUNTIF(RESPOSTAS!$C$2:$C$300,$B$21),2)=0,"",ROUND(SUMIF(RESPOSTAS!$C$2:$C$300,$B$21,Auxiliar!I$1:I$300)/COUNTIF(RESPOSTAS!$C$2:$C$300,$B$21),2)),"") | I21: =IFERROR(IF(ROUND(SUMIF(RESPOSTAS!$C$2:$C$300,$B$21,Auxiliar!J$1:J$300)/COUNTIF(RESPOSTAS!$C$2:$C$300,$B$21),2)=0,"",ROUND(SUMIF(RESPOSTAS!$C$2:$C$300,$B$21,Auxiliar!J$1:J$300)/COUNTIF(RESPOSTAS!$C$2:$C$300,$B$21),2)),"") | J21: =IFERROR(IF(ROUND(SUMIF(RESPOSTAS!$C$2:$C$300,$B$21,Auxiliar!K$1:K$300)/COUNTIF(RESPOSTAS!$C$2:$C$300,$B$21),2)=0,"",ROUND(SUMIF(RESPOSTAS!$C$2:$C$300,$B$21,Auxiliar!K$1:K$300)/COUNTIF(RESPOSTAS!$C$2:$C$300,$B$21),2)),"") | ... AQ21: =IFERROR(IF(ROUND(SUMIF(RESPOSTAS!$C$2:$C$300,$B$21,Auxiliar!AR$1:AR$300)/COUNTIF(RESPOSTAS!$C$2:$C$300,$B$21),2)=0,"",ROUND(SUMIF(RESPOSTAS!$C$2:$C$300,$B$21,Auxiliar!AR$1:AR$300)/COUNTIF(RESPOSTAS!$C$2:$C$300,$B$21),2)),"")
A22: =IFERROR(IF(ROUND(AVERAGE(C22:AQ22,COUNT(C22:AQ22)),2)=0,"",ROUND(AVERAGE(C22:AQ22,COUNT(C22:AQ22)),2)),"") | C22: =IFERROR(IF(ROUND(SUMIF(RESPOSTAS!$C$2:$C$300,$B$22,Auxiliar!D$1:D$300)/COUNTIF(RESPOSTAS!$C$2:$C$300,$B$22),2)=0,"",ROUND(SUMIF(RESPOSTAS!$C$2:$C$300,$B$22,Auxiliar!D$1:D$300)/COUNTIF(RESPOSTAS!$C$2:$C$300,$B$22),2)),"") | D22: =IFERROR(IF(ROUND(SUMIF(RESPOSTAS!$C$2:$C$300,$B$22,Auxiliar!E$1:E$300)/COUNTIF(RESPOSTAS!$C$2:$C$300,$B$22),2)=0,"",ROUND(SUMIF(RESPOSTAS!$C$2:$C$300,$B$22,Auxiliar!E$1:E$300)/COUNTIF(RESPOSTAS!$C$2:$C$300,$B$22),2)),"") | E22: =IFERROR(IF(ROUND(SUMIF(RESPOSTAS!$C$2:$C$300,$B$22,Auxiliar!F$1:F$300)/COUNTIF(RESPOSTAS!$C$2:$C$300,$B$22),2)=0,"",ROUND(SUMIF(RESPOSTAS!$C$2:$C$300,$B$22,Auxiliar!F$1:F$300)/COUNTIF(RESPOSTAS!$C$2:$C$300,$B$22),2)),"") | F22: =IFERROR(IF(ROUND(SUMIF(RESPOSTAS!$C$2:$C$300,$B$22,Auxiliar!G$1:G$300)/COUNTIF(RESPOSTAS!$C$2:$C$300,$B$22),2)=0,"",ROUND(SUMIF(RESPOSTAS!$C$2:$C$300,$B$22,Auxiliar!G$1:G$300)/COUNTIF(RESPOSTAS!$C$2:$C$300,$B$22),2)),"") | G22: =IFERROR(IF(ROUND(SUMIF(RESPOSTAS!$C$2:$C$300,$B$22,Auxiliar!H$1:H$300)/COUNTIF(RESPOSTAS!$C$2:$C$300,$B$22),2)=0,"",ROUND(SUMIF(RESPOSTAS!$C$2:$C$300,$B$22,Auxiliar!H$1:H$300)/COUNTIF(RESPOSTAS!$C$2:$C$300,$B$22),2)),"") | H22: =IFERROR(IF(ROUND(SUMIF(RESPOSTAS!$C$2:$C$300,$B$22,Auxiliar!I$1:I$300)/COUNTIF(RESPOSTAS!$C$2:$C$300,$B$22),2)=0,"",ROUND(SUMIF(RESPOSTAS!$C$2:$C$300,$B$22,Auxiliar!I$1:I$300)/COUNTIF(RESPOSTAS!$C$2:$C$300,$B$22),2)),"") | I22: =IFERROR(IF(ROUND(SUMIF(RESPOSTAS!$C$2:$C$300,$B$22,Auxiliar!J$1:J$300)/COUNTIF(RESPOSTAS!$C$2:$C$300,$B$22),2)=0,"",ROUND(SUMIF(RESPOSTAS!$C$2:$C$300,$B$22,Auxiliar!J$1:J$300)/COUNTIF(RESPOSTAS!$C$2:$C$300,$B$22),2)),"") | J22: =IFERROR(IF(ROUND(SUMIF(RESPOSTAS!$C$2:$C$300,$B$22,Auxiliar!K$1:K$300)/COUNTIF(RESPOSTAS!$C$2:$C$300,$B$22),2)=0,"",ROUND(SUMIF(RESPOSTAS!$C$2:$C$300,$B$22,Auxiliar!K$1:K$300)/COUNTIF(RESPOSTAS!$C$2:$C$300,$B$22),2)),"") | ... AQ22: =IFERROR(IF(ROUND(SUMIF(RESPOSTAS!$C$2:$C$300,$B$22,Auxiliar!AR$1:AR$300)/COUNTIF(RESPOSTAS!$C$2:$C$300,$B$22),2)=0,"",ROUND(SUMIF(RESPOSTAS!$C$2:$C$300,$B$22,Auxiliar!AR$1:AR$300)/COUNTIF(RESPOSTAS!$C$2:$C$300,$B$22),2)),"")
A23: =IFERROR(IF(ROUND(AVERAGE(C23:AQ23,COUNT(C23:AQ23)),2)=0,"",ROUND(AVERAGE(C23:AQ23,COUNT(C23:AQ23)),2)),"") | C23: =IFERROR(IF(ROUND(SUMIF(RESPOSTAS!$C$2:$C$300,$B$23,Auxiliar!D$1:D$300)/COUNTIF(RESPOSTAS!$C$2:$C$300,$B$23),2)=0,"",ROUND(SUMIF(RESPOSTAS!$C$2:$C$300,$B$23,Auxiliar!D$1:D$300)/COUNTIF(RESPOSTAS!$C$2:$C$300,$B$23),2)),"") | D23: =IFERROR(IF(ROUND(SUMIF(RESPOSTAS!$C$2:$C$300,$B$23,Auxiliar!E$1:E$300)/COUNTIF(RESPOSTAS!$C$2:$C$300,$B$23),2)=0,"",ROUND(SUMIF(RESPOSTAS!$C$2:$C$300,$B$23,Auxiliar!E$1:E$300)/COUNTIF(RESPOSTAS!$C$2:$C$300,$B$23),2)),"") | E23: =IFERROR(IF(ROUND(SUMIF(RESPOSTAS!$C$2:$C$300,$B$23,Auxiliar!F$1:F$300)/COUNTIF(RESPOSTAS!$C$2:$C$300,$B$23),2)=0,"",ROUND(SUMIF(RESPOSTAS!$C$2:$C$300,$B$23,Auxiliar!F$1:F$300)/COUNTIF(RESPOSTAS!$C$2:$C$300,$B$23),2)),"") | F23: =IFERROR(IF(ROUND(SUMIF(RESPOSTAS!$C$2:$C$300,$B$23,Auxiliar!G$1:G$300)/COUNTIF(RESPOSTAS!$C$2:$C$300,$B$23),2)=0,"",ROUND(SUMIF(RESPOSTAS!$C$2:$C$300,$B$23,Auxiliar!G$1:G$300)/COUNTIF(RESPOSTAS!$C$2:$C$300,$B$23),2)),"") | G23: =IFERROR(IF(ROUND(SUMIF(RESPOSTAS!$C$2:$C$300,$B$23,Auxiliar!H$1:H$300)/COUNTIF(RESPOSTAS!$C$2:$C$300,$B$23),2)=0,"",ROUND(SUMIF(RESPOSTAS!$C$2:$C$300,$B$23,Auxiliar!H$1:H$300)/COUNTIF(RESPOSTAS!$C$2:$C$300,$B$23),2)),"") | H23: =IFERROR(IF(ROUND(SUMIF(RESPOSTAS!$C$2:$C$300,$B$23,Auxiliar!I$1:I$300)/COUNTIF(RESPOSTAS!$C$2:$C$300,$B$23),2)=0,"",ROUND(SUMIF(RESPOSTAS!$C$2:$C$300,$B$23,Auxiliar!I$1:I$300)/COUNTIF(RESPOSTAS!$C$2:$C$300,$B$23),2)),"") | I23: =IFERROR(IF(ROUND(SUMIF(RESPOSTAS!$C$2:$C$300,$B$23,Auxiliar!J$1:J$300)/COUNTIF(RESPOSTAS!$C$2:$C$300,$B$23),2)=0,"",ROUND(SUMIF(RESPOSTAS!$C$2:$C$300,$B$23,Auxiliar!J$1:J$300)/COUNTIF(RESPOSTAS!$C$2:$C$300,$B$23),2)),"") | J23: =IFERROR(IF(ROUND(SUMIF(RESPOSTAS!$C$2:$C$300,$B$23,Auxiliar!K$1:K$300)/COUNTIF(RESPOSTAS!$C$2:$C$300,$B$23),2)=0,"",ROUND(SUMIF(RESPOSTAS!$C$2:$C$300,$B$23,Auxiliar!K$1:K$300)/COUNTIF(RESPOSTAS!$C$2:$C$300,$B$23),2)),"") | ... AQ23: =IFERROR(IF(ROUND(SUMIF(RESPOSTAS!$C$2:$C$300,$B$23,Auxiliar!AR$1:AR$300)/COUNTIF(RESPOSTAS!$C$2:$C$300,$B$23),2)=0,"",ROUND(SUMIF(RESPOSTAS!$C$2:$C$300,$B$23,Auxiliar!AR$1:AR$300)/COUNTIF(RESPOSTAS!$C$2:$C$300,$B$23),2)),"")
A24: =IFERROR(IF(ROUND(AVERAGE(C24:AQ24,COUNT(C24:AQ24)),2)=0,"",ROUND(AVERAGE(C24:AQ24,COUNT(C24:AQ24)),2)),"") | C24: =IFERROR(IF(ROUND(SUMIF(RESPOSTAS!$C$2:$C$300,$B$24,Auxiliar!D$1:D$300)/COUNTIF(RESPOSTAS!$C$2:$C$300,$B$24),2)=0,"",ROUND(SUMIF(RESPOSTAS!$C$2:$C$300,$B$24,Auxiliar!D$1:D$300)/COUNTIF(RESPOSTAS!$C$2:$C$300,$B$24),2)),"") | D24: =IFERROR(IF(ROUND(SUMIF(RESPOSTAS!$C$2:$C$300,$B$24,Auxiliar!E$1:E$300)/COUNTIF(RESPOSTAS!$C$2:$C$300,$B$24),2)=0,"",ROUND(SUMIF(RESPOSTAS!$C$2:$C$300,$B$24,Auxiliar!E$1:E$300)/COUNTIF(RESPOSTAS!$C$2:$C$300,$B$24),2)),"") | E24: =IFERROR(IF(ROUND(SUMIF(RESPOSTAS!$C$2:$C$300,$B$24,Auxiliar!F$1:F$300)/COUNTIF(RESPOSTAS!$C$2:$C$300,$B$24),2)=0,"",ROUND(SUMIF(RESPOSTAS!$C$2:$C$300,$B$24,Auxiliar!F$1:F$300)/COUNTIF(RESPOSTAS!$C$2:$C$300,$B$24),2)),"") | F24: =IFERROR(IF(ROUND(SUMIF(RESPOSTAS!$C$2:$C$300,$B$24,Auxiliar!G$1:G$300)/COUNTIF(RESPOSTAS!$C$2:$C$300,$B$24),2)=0,"",ROUND(SUMIF(RESPOSTAS!$C$2:$C$300,$B$24,Auxiliar!G$1:G$300)/COUNTIF(RESPOSTAS!$C$2:$C$300,$B$24),2)),"") | G24: =IFERROR(IF(ROUND(SUMIF(RESPOSTAS!$C$2:$C$300,$B$24,Auxiliar!H$1:H$300)/COUNTIF(RESPOSTAS!$C$2:$C$300,$B$24),2)=0,"",ROUND(SUMIF(RESPOSTAS!$C$2:$C$300,$B$24,Auxiliar!H$1:H$300)/COUNTIF(RESPOSTAS!$C$2:$C$300,$B$24),2)),"") | H24: =IFERROR(IF(ROUND(SUMIF(RESPOSTAS!$C$2:$C$300,$B$24,Auxiliar!I$1:I$300)/COUNTIF(RESPOSTAS!$C$2:$C$300,$B$24),2)=0,"",ROUND(SUMIF(RESPOSTAS!$C$2:$C$300,$B$24,Auxiliar!I$1:I$300)/COUNTIF(RESPOSTAS!$C$2:$C$300,$B$24),2)),"") | I24: =IFERROR(IF(ROUND(SUMIF(RESPOSTAS!$C$2:$C$300,$B$24,Auxiliar!J$1:J$300)/COUNTIF(RESPOSTAS!$C$2:$C$300,$B$24),2)=0,"",ROUND(SUMIF(RESPOSTAS!$C$2:$C$300,$B$24,Auxiliar!J$1:J$300)/COUNTIF(RESPOSTAS!$C$2:$C$300,$B$24),2)),"") | J24: =IFERROR(IF(ROUND(SUMIF(RESPOSTAS!$C$2:$C$300,$B$24,Auxiliar!K$1:K$300)/COUNTIF(RESPOSTAS!$C$2:$C$300,$B$24),2)=0,"",ROUND(SUMIF(RESPOSTAS!$C$2:$C$300,$B$24,Auxiliar!K$1:K$300)/COUNTIF(RESPOSTAS!$C$2:$C$300,$B$24),2)),"") | ... AQ24: =IFERROR(IF(ROUND(SUMIF(RESPOSTAS!$C$2:$C$300,$B$24,Auxiliar!AR$1:AR$300)/COUNTIF(RESPOSTAS!$C$2:$C$300,$B$24),2)=0,"",ROUND(SUMIF(RESPOSTAS!$C$2:$C$300,$B$24,Auxiliar!AR$1:AR$300)/COUNTIF(RESPOSTAS!$C$2:$C$300,$B$24),2)),"")
A25: =IFERROR(IF(ROUND(AVERAGE(C25:AQ25,COUNT(C25:AQ25)),2)=0,"",ROUND(AVERAGE(C25:AQ25,COUNT(C25:AQ25)),2)),"") | C25: =IFERROR(IF(ROUND(SUMIF(RESPOSTAS!$C$2:$C$300,$B$25,Auxiliar!D$1:D$300)/COUNTIF(RESPOSTAS!$C$2:$C$300,$B$25),2)=0,"",ROUND(SUMIF(RESPOSTAS!$C$2:$C$300,$B$25,Auxiliar!D$1:D$300)/COUNTIF(RESPOSTAS!$C$2:$C$300,$B$25),2)),"") | D25: =IFERROR(IF(ROUND(SUMIF(RESPOSTAS!$C$2:$C$300,$B$25,Auxiliar!E$1:E$300)/COUNTIF(RESPOSTAS!$C$2:$C$300,$B$25),2)=0,"",ROUND(SUMIF(RESPOSTAS!$C$2:$C$300,$B$25,Auxiliar!E$1:E$300)/COUNTIF(RESPOSTAS!$C$2:$C$300,$B$25),2)),"") | E25: =IFERROR(IF(ROUND(SUMIF(RESPOSTAS!$C$2:$C$300,$B$25,Auxiliar!F$1:F$300)/COUNTIF(RESPOSTAS!$C$2:$C$300,$B$25),2)=0,"",ROUND(SUMIF(RESPOSTAS!$C$2:$C$300,$B$25,Auxiliar!F$1:F$300)/COUNTIF(RESPOSTAS!$C$2:$C$300,$B$25),2)),"") | F25: =IFERROR(IF(ROUND(SUMIF(RESPOSTAS!$C$2:$C$300,$B$25,Auxiliar!G$1:G$300)/COUNTIF(RESPOSTAS!$C$2:$C$300,$B$25),2)=0,"",ROUND(SUMIF(RESPOSTAS!$C$2:$C$300,$B$25,Auxiliar!G$1:G$300)/COUNTIF(RESPOSTAS!$C$2:$C$300,$B$25),2)),"") | G25: =IFERROR(IF(ROUND(SUMIF(RESPOSTAS!$C$2:$C$300,$B$25,Auxiliar!H$1:H$300)/COUNTIF(RESPOSTAS!$C$2:$C$300,$B$25),2)=0,"",ROUND(SUMIF(RESPOSTAS!$C$2:$C$300,$B$25,Auxiliar!H$1:H$300)/COUNTIF(RESPOSTAS!$C$2:$C$300,$B$25),2)),"") | H25: =IFERROR(IF(ROUND(SUMIF(RESPOSTAS!$C$2:$C$300,$B$25,Auxiliar!I$1:I$300)/COUNTIF(RESPOSTAS!$C$2:$C$300,$B$25),2)=0,"",ROUND(SUMIF(RESPOSTAS!$C$2:$C$300,$B$25,Auxiliar!I$1:I$300)/COUNTIF(RESPOSTAS!$C$2:$C$300,$B$25),2)),"") | I25: =IFERROR(IF(ROUND(SUMIF(RESPOSTAS!$C$2:$C$300,$B$25,Auxiliar!J$1:J$300)/COUNTIF(RESPOSTAS!$C$2:$C$300,$B$25),2)=0,"",ROUND(SUMIF(RESPOSTAS!$C$2:$C$300,$B$25,Auxiliar!J$1:J$300)/COUNTIF(RESPOSTAS!$C$2:$C$300,$B$25),2)),"") | J25: =IFERROR(IF(ROUND(SUMIF(RESPOSTAS!$C$2:$C$300,$B$25,Auxiliar!K$1:K$300)/COUNTIF(RESPOSTAS!$C$2:$C$300,$B$25),2)=0,"",ROUND(SUMIF(RESPOSTAS!$C$2:$C$300,$B$25,Auxiliar!K$1:K$300)/COUNTIF(RESPOSTAS!$C$2:$C$300,$B$25),2)),"") | ... AQ25: =IFERROR(IF(ROUND(SUMIF(RESPOSTAS!$C$2:$C$300,$B$25,Auxiliar!AR$1:AR$300)/COUNTIF(RESPOSTAS!$C$2:$C$300,$B$25),2)=0,"",ROUND(SUMIF(RESPOSTAS!$C$2:$C$300,$B$25,Auxiliar!AR$1:AR$300)/COUNTIF(RESPOSTAS!$C$2:$C$300,$B$25),2)),"")
A26: =IFERROR(IF(ROUND(AVERAGE(C26:AQ26,COUNT(C26:AQ26)),2)=0,"",ROUND(AVERAGE(C26:AQ26,COUNT(C26:AQ26)),2)),"") | C26: =IFERROR(IF(ROUND(SUMIF(RESPOSTAS!$C$2:$C$300,$B$26,Auxiliar!D$1:D$300)/COUNTIF(RESPOSTAS!$C$2:$C$300,$B$26),2)=0,"",ROUND(SUMIF(RESPOSTAS!$C$2:$C$300,$B$26,Auxiliar!D$1:D$300)/COUNTIF(RESPOSTAS!$C$2:$C$300,$B$26),2)),"") | D26: =IFERROR(IF(ROUND(SUMIF(RESPOSTAS!$C$2:$C$300,$B$26,Auxiliar!E$1:E$300)/COUNTIF(RESPOSTAS!$C$2:$C$300,$B$26),2)=0,"",ROUND(SUMIF(RESPOSTAS!$C$2:$C$300,$B$26,Auxiliar!E$1:E$300)/COUNTIF(RESPOSTAS!$C$2:$C$300,$B$26),2)),"") | E26: =IFERROR(IF(ROUND(SUMIF(RESPOSTAS!$C$2:$C$300,$B$26,Auxiliar!F$1:F$300)/COUNTIF(RESPOSTAS!$C$2:$C$300,$B$26),2)=0,"",ROUND(SUMIF(RESPOSTAS!$C$2:$C$300,$B$26,Auxiliar!F$1:F$300)/COUNTIF(RESPOSTAS!$C$2:$C$300,$B$26),2)),"") | F26: =IFERROR(IF(ROUND(SUMIF(RESPOSTAS!$C$2:$C$300,$B$26,Auxiliar!G$1:G$300)/COUNTIF(RESPOSTAS!$C$2:$C$300,$B$26),2)=0,"",ROUND(SUMIF(RESPOSTAS!$C$2:$C$300,$B$26,Auxiliar!G$1:G$300)/COUNTIF(RESPOSTAS!$C$2:$C$300,$B$26),2)),"") | G26: =IFERROR(IF(ROUND(SUMIF(RESPOSTAS!$C$2:$C$300,$B$26,Auxiliar!H$1:H$300)/COUNTIF(RESPOSTAS!$C$2:$C$300,$B$26),2)=0,"",ROUND(SUMIF(RESPOSTAS!$C$2:$C$300,$B$26,Auxiliar!H$1:H$300)/COUNTIF(RESPOSTAS!$C$2:$C$300,$B$26),2)),"") | H26: =IFERROR(IF(ROUND(SUMIF(RESPOSTAS!$C$2:$C$300,$B$26,Auxiliar!I$1:I$300)/COUNTIF(RESPOSTAS!$C$2:$C$300,$B$26),2)=0,"",ROUND(SUMIF(RESPOSTAS!$C$2:$C$300,$B$26,Auxiliar!I$1:I$300)/COUNTIF(RESPOSTAS!$C$2:$C$300,$B$26),2)),"") | I26: =IFERROR(IF(ROUND(SUMIF(RESPOSTAS!$C$2:$C$300,$B$26,Auxiliar!J$1:J$300)/COUNTIF(RESPOSTAS!$C$2:$C$300,$B$26),2)=0,"",ROUND(SUMIF(RESPOSTAS!$C$2:$C$300,$B$26,Auxiliar!J$1:J$300)/COUNTIF(RESPOSTAS!$C$2:$C$300,$B$26),2)),"") | J26: =IFERROR(IF(ROUND(SUMIF(RESPOSTAS!$C$2:$C$300,$B$26,Auxiliar!K$1:K$300)/COUNTIF(RESPOSTAS!$C$2:$C$300,$B$26),2)=0,"",ROUND(SUMIF(RESPOSTAS!$C$2:$C$300,$B$26,Auxiliar!K$1:K$300)/COUNTIF(RESPOSTAS!$C$2:$C$300,$B$26),2)),"") | ... AQ26: =IFERROR(IF(ROUND(SUMIF(RESPOSTAS!$C$2:$C$300,$B$26,Auxiliar!AR$1:AR$300)/COUNTIF(RESPOSTAS!$C$2:$C$300,$B$26),2)=0,"",ROUND(SUMIF(RESPOSTAS!$C$2:$C$300,$B$26,Auxiliar!AR$1:AR$300)/COUNTIF(RESPOSTAS!$C$2:$C$300,$B$26),2)),"")
A27: =IFERROR(IF(ROUND(AVERAGE(C27:AQ27,COUNT(C27:AQ27)),2)=0,"",ROUND(AVERAGE(C27:AQ27,COUNT(C27:AQ27)),2)),"") | C27: =IFERROR(IF(ROUND(SUMIF(RESPOSTAS!$C$2:$C$300,$B$27,Auxiliar!D$1:D$300)/COUNTIF(RESPOSTAS!$C$2:$C$300,$B$27),2)=0,"",ROUND(SUMIF(RESPOSTAS!$C$2:$C$300,$B$27,Auxiliar!D$1:D$300)/COUNTIF(RESPOSTAS!$C$2:$C$300,$B$27),2)),"") | D27: =IFERROR(IF(ROUND(SUMIF(RESPOSTAS!$C$2:$C$300,$B$27,Auxiliar!E$1:E$300)/COUNTIF(RESPOSTAS!$C$2:$C$300,$B$27),2)=0,"",ROUND(SUMIF(RESPOSTAS!$C$2:$C$300,$B$27,Auxiliar!E$1:E$300)/COUNTIF(RESPOSTAS!$C$2:$C$300,$B$27),2)),"") | E27: =IFERROR(IF(ROUND(SUMIF(RESPOSTAS!$C$2:$C$300,$B$27,Auxiliar!F$1:F$300)/COUNTIF(RESPOSTAS!$C$2:$C$300,$B$27),2)=0,"",ROUND(SUMIF(RESPOSTAS!$C$2:$C$300,$B$27,Auxiliar!F$1:F$300)/COUNTIF(RESPOSTAS!$C$2:$C$300,$B$27),2)),"") | F27: =IFERROR(IF(ROUND(SUMIF(RESPOSTAS!$C$2:$C$300,$B$27,Auxiliar!G$1:G$300)/COUNTIF(RESPOSTAS!$C$2:$C$300,$B$27),2)=0,"",ROUND(SUMIF(RESPOSTAS!$C$2:$C$300,$B$27,Auxiliar!G$1:G$300)/COUNTIF(RESPOSTAS!$C$2:$C$300,$B$27),2)),"") | G27: =IFERROR(IF(ROUND(SUMIF(RESPOSTAS!$C$2:$C$300,$B$27,Auxiliar!H$1:H$300)/COUNTIF(RESPOSTAS!$C$2:$C$300,$B$27),2)=0,"",ROUND(SUMIF(RESPOSTAS!$C$2:$C$300,$B$27,Auxiliar!H$1:H$300)/COUNTIF(RESPOSTAS!$C$2:$C$300,$B$27),2)),"") | H27: =IFERROR(IF(ROUND(SUMIF(RESPOSTAS!$C$2:$C$300,$B$27,Auxiliar!I$1:I$300)/COUNTIF(RESPOSTAS!$C$2:$C$300,$B$27),2)=0,"",ROUND(SUMIF(RESPOSTAS!$C$2:$C$300,$B$27,Auxiliar!I$1:I$300)/COUNTIF(RESPOSTAS!$C$2:$C$300,$B$27),2)),"") | I27: =IFERROR(IF(ROUND(SUMIF(RESPOSTAS!$C$2:$C$300,$B$27,Auxiliar!J$1:J$300)/COUNTIF(RESPOSTAS!$C$2:$C$300,$B$27),2)=0,"",ROUND(SUMIF(RESPOSTAS!$C$2:$C$300,$B$27,Auxiliar!J$1:J$300)/COUNTIF(RESPOSTAS!$C$2:$C$300,$B$27),2)),"") | J27: =IFERROR(IF(ROUND(SUMIF(RESPOSTAS!$C$2:$C$300,$B$27,Auxiliar!K$1:K$300)/COUNTIF(RESPOSTAS!$C$2:$C$300,$B$27),2)=0,"",ROUND(SUMIF(RESPOSTAS!$C$2:$C$300,$B$27,Auxiliar!K$1:K$300)/COUNTIF(RESPOSTAS!$C$2:$C$300,$B$27),2)),"") | ... AQ27: =IFERROR(IF(ROUND(SUMIF(RESPOSTAS!$C$2:$C$300,$B$27,Auxiliar!AR$1:AR$300)/COUNTIF(RESPOSTAS!$C$2:$C$300,$B$27),2)=0,"",ROUND(SUMIF(RESPOSTAS!$C$2:$C$300,$B$27,Auxiliar!AR$1:AR$300)/COUNTIF(RESPOSTAS!$C$2:$C$300,$B$27),2)),"")
A28: =IFERROR(IF(ROUND(AVERAGE(C28:AQ28,COUNT(C28:AQ28)),2)=0,"",ROUND(AVERAGE(C28:AQ28,COUNT(C28:AQ28)),2)),"") | C28: =IFERROR(IF(ROUND(SUMIF(RESPOSTAS!$C$2:$C$300,$B$28,Auxiliar!D$1:D$300)/COUNTIF(RESPOSTAS!$C$2:$C$300,$B$28),2)=0,"",ROUND(SUMIF(RESPOSTAS!$C$2:$C$300,$B$28,Auxiliar!D$1:D$300)/COUNTIF(RESPOSTAS!$C$2:$C$300,$B$28),2)),"") | D28: =IFERROR(IF(ROUND(SUMIF(RESPOSTAS!$C$2:$C$300,$B$28,Auxiliar!E$1:E$300)/COUNTIF(RESPOSTAS!$C$2:$C$300,$B$28),2)=0,"",ROUND(SUMIF(RESPOSTAS!$C$2:$C$300,$B$28,Auxiliar!E$1:E$300)/COUNTIF(RESPOSTAS!$C$2:$C$300,$B$28),2)),"") | E28: =IFERROR(IF(ROUND(SUMIF(RESPOSTAS!$C$2:$C$300,$B$28,Auxiliar!F$1:F$300)/COUNTIF(RESPOSTAS!$C$2:$C$300,$B$28),2)=0,"",ROUND(SUMIF(RESPOSTAS!$C$2:$C$300,$B$28,Auxiliar!F$1:F$300)/COUNTIF(RESPOSTAS!$C$2:$C$300,$B$28),2)),"") | F28: =IFERROR(IF(ROUND(SUMIF(RESPOSTAS!$C$2:$C$300,$B$28,Auxiliar!G$1:G$300)/COUNTIF(RESPOSTAS!$C$2:$C$300,$B$28),2)=0,"",ROUND(SUMIF(RESPOSTAS!$C$2:$C$300,$B$28,Auxiliar!G$1:G$300)/COUNTIF(RESPOSTAS!$C$2:$C$300,$B$28),2)),"") | G28: =IFERROR(IF(ROUND(SUMIF(RESPOSTAS!$C$2:$C$300,$B$28,Auxiliar!H$1:H$300)/COUNTIF(RESPOSTAS!$C$2:$C$300,$B$28),2)=0,"",ROUND(SUMIF(RESPOSTAS!$C$2:$C$300,$B$28,Auxiliar!H$1:H$300)/COUNTIF(RESPOSTAS!$C$2:$C$300,$B$28),2)),"") | H28: =IFERROR(IF(ROUND(SUMIF(RESPOSTAS!$C$2:$C$300,$B$28,Auxiliar!I$1:I$300)/COUNTIF(RESPOSTAS!$C$2:$C$300,$B$28),2)=0,"",ROUND(SUMIF(RESPOSTAS!$C$2:$C$300,$B$28,Auxiliar!I$1:I$300)/COUNTIF(RESPOSTAS!$C$2:$C$300,$B$28),2)),"") | I28: =IFERROR(IF(ROUND(SUMIF(RESPOSTAS!$C$2:$C$300,$B$28,Auxiliar!J$1:J$300)/COUNTIF(RESPOSTAS!$C$2:$C$300,$B$28),2)=0,"",ROUND(SUMIF(RESPOSTAS!$C$2:$C$300,$B$28,Auxiliar!J$1:J$300)/COUNTIF(RESPOSTAS!$C$2:$C$300,$B$28),2)),"") | J28: =IFERROR(IF(ROUND(SUMIF(RESPOSTAS!$C$2:$C$300,$B$28,Auxiliar!K$1:K$300)/COUNTIF(RESPOSTAS!$C$2:$C$300,$B$28),2)=0,"",ROUND(SUMIF(RESPOSTAS!$C$2:$C$300,$B$28,Auxiliar!K$1:K$300)/COUNTIF(RESPOSTAS!$C$2:$C$300,$B$28),2)),"") | ... AQ28: =IFERROR(IF(ROUND(SUMIF(RESPOSTAS!$C$2:$C$300,$B$28,Auxiliar!AR$1:AR$300)/COUNTIF(RESPOSTAS!$C$2:$C$300,$B$28),2)=0,"",ROUND(SUMIF(RESPOSTAS!$C$2:$C$300,$B$28,Auxiliar!AR$1:AR$300)/COUNTIF(RESPOSTAS!$C$2:$C$300,$B$28),2)),"")
A29: =IFERROR(IF(ROUND(AVERAGE(C29:AQ29,COUNT(C29:AQ29)),2)=0,"",ROUND(AVERAGE(C29:AQ29,COUNT(C29:AQ29)),2)),"") | C29: =IFERROR(IF(ROUND(SUMIF(RESPOSTAS!$C$2:$C$300,$B$29,Auxiliar!D$1:D$300)/COUNTIF(RESPOSTAS!$C$2:$C$300,$B$29),2)=0,"",ROUND(SUMIF(RESPOSTAS!$C$2:$C$300,$B$29,Auxiliar!D$1:D$300)/COUNTIF(RESPOSTAS!$C$2:$C$300,$B$29),2)),"") | D29: =IFERROR(IF(ROUND(SUMIF(RESPOSTAS!$C$2:$C$300,$B$29,Auxiliar!E$1:E$300)/COUNTIF(RESPOSTAS!$C$2:$C$300,$B$29),2)=0,"",ROUND(SUMIF(RESPOSTAS!$C$2:$C$300,$B$29,Auxiliar!E$1:E$300)/COUNTIF(RESPOSTAS!$C$2:$C$300,$B$29),2)),"") | E29: =IFERROR(IF(ROUND(SUMIF(RESPOSTAS!$C$2:$C$300,$B$29,Auxiliar!F$1:F$300)/COUNTIF(RESPOSTAS!$C$2:$C$300,$B$29),2)=0,"",ROUND(SUMIF(RESPOSTAS!$C$2:$C$300,$B$29,Auxiliar!F$1:F$300)/COUNTIF(RESPOSTAS!$C$2:$C$300,$B$29),2)),"") | F29: =IFERROR(IF(ROUND(SUMIF(RESPOSTAS!$C$2:$C$300,$B$29,Auxiliar!G$1:G$300)/COUNTIF(RESPOSTAS!$C$2:$C$300,$B$29),2)=0,"",ROUND(SUMIF(RESPOSTAS!$C$2:$C$300,$B$29,Auxiliar!G$1:G$300)/COUNTIF(RESPOSTAS!$C$2:$C$300,$B$29),2)),"") | G29: =IFERROR(IF(ROUND(SUMIF(RESPOSTAS!$C$2:$C$300,$B$29,Auxiliar!H$1:H$300)/COUNTIF(RESPOSTAS!$C$2:$C$300,$B$29),2)=0,"",ROUND(SUMIF(RESPOSTAS!$C$2:$C$300,$B$29,Auxiliar!H$1:H$300)/COUNTIF(RESPOSTAS!$C$2:$C$300,$B$29),2)),"") | H29: =IFERROR(IF(ROUND(SUMIF(RESPOSTAS!$C$2:$C$300,$B$29,Auxiliar!I$1:I$300)/COUNTIF(RESPOSTAS!$C$2:$C$300,$B$29),2)=0,"",ROUND(SUMIF(RESPOSTAS!$C$2:$C$300,$B$29,Auxiliar!I$1:I$300)/COUNTIF(RESPOSTAS!$C$2:$C$300,$B$29),2)),"") | I29: =IFERROR(IF(ROUND(SUMIF(RESPOSTAS!$C$2:$C$300,$B$29,Auxiliar!J$1:J$300)/COUNTIF(RESPOSTAS!$C$2:$C$300,$B$29),2)=0,"",ROUND(SUMIF(RESPOSTAS!$C$2:$C$300,$B$29,Auxiliar!J$1:J$300)/COUNTIF(RESPOSTAS!$C$2:$C$300,$B$29),2)),"") | J29: =IFERROR(IF(ROUND(SUMIF(RESPOSTAS!$C$2:$C$300,$B$29,Auxiliar!K$1:K$300)/COUNTIF(RESPOSTAS!$C$2:$C$300,$B$29),2)=0,"",ROUND(SUMIF(RESPOSTAS!$C$2:$C$300,$B$29,Auxiliar!K$1:K$300)/COUNTIF(RESPOSTAS!$C$2:$C$300,$B$29),2)),"") | ... AQ29: =IFERROR(IF(ROUND(SUMIF(RESPOSTAS!$C$2:$C$300,$B$29,Auxiliar!AR$1:AR$300)/COUNTIF(RESPOSTAS!$C$2:$C$300,$B$29),2)=0,"",ROUND(SUMIF(RESPOSTAS!$C$2:$C$300,$B$29,Auxiliar!AR$1:AR$300)/COUNTIF(RESPOSTAS!$C$2:$C$300,$B$29),2)),"")
A30: =IFERROR(IF(ROUND(AVERAGE(C30:AQ30,COUNT(C30:AQ30)),2)=0,"",ROUND(AVERAGE(C30:AQ30,COUNT(C30:AQ30)),2)),"") | C30: =IFERROR(IF(ROUND(SUMIF(RESPOSTAS!$C$2:$C$300,$B$30,Auxiliar!D$1:D$300)/COUNTIF(RESPOSTAS!$C$2:$C$300,$B$30),2)=0,"",ROUND(SUMIF(RESPOSTAS!$C$2:$C$300,$B$30,Auxiliar!D$1:D$300)/COUNTIF(RESPOSTAS!$C$2:$C$300,$B$30),2)),"") | D30: =IFERROR(IF(ROUND(SUMIF(RESPOSTAS!$C$2:$C$300,$B$30,Auxiliar!E$1:E$300)/COUNTIF(RESPOSTAS!$C$2:$C$300,$B$30),2)=0,"",ROUND(SUMIF(RESPOSTAS!$C$2:$C$300,$B$30,Auxiliar!E$1:E$300)/COUNTIF(RESPOSTAS!$C$2:$C$300,$B$30),2)),"") | E30: =IFERROR(IF(ROUND(SUMIF(RESPOSTAS!$C$2:$C$300,$B$30,Auxiliar!F$1:F$300)/COUNTIF(RESPOSTAS!$C$2:$C$300,$B$30),2)=0,"",ROUND(SUMIF(RESPOSTAS!$C$2:$C$300,$B$30,Auxiliar!F$1:F$300)/COUNTIF(RESPOSTAS!$C$2:$C$300,$B$30),2)),"") | F30: =IFERROR(IF(ROUND(SUMIF(RESPOSTAS!$C$2:$C$300,$B$30,Auxiliar!G$1:G$300)/COUNTIF(RESPOSTAS!$C$2:$C$300,$B$30),2)=0,"",ROUND(SUMIF(RESPOSTAS!$C$2:$C$300,$B$30,Auxiliar!G$1:G$300)/COUNTIF(RESPOSTAS!$C$2:$C$300,$B$30),2)),"") | G30: =IFERROR(IF(ROUND(SUMIF(RESPOSTAS!$C$2:$C$300,$B$30,Auxiliar!H$1:H$300)/COUNTIF(RESPOSTAS!$C$2:$C$300,$B$30),2)=0,"",ROUND(SUMIF(RESPOSTAS!$C$2:$C$300,$B$30,Auxiliar!H$1:H$300)/COUNTIF(RESPOSTAS!$C$2:$C$300,$B$30),2)),"") | H30: =IFERROR(IF(ROUND(SUMIF(RESPOSTAS!$C$2:$C$300,$B$30,Auxiliar!I$1:I$300)/COUNTIF(RESPOSTAS!$C$2:$C$300,$B$30),2)=0,"",ROUND(SUMIF(RESPOSTAS!$C$2:$C$300,$B$30,Auxiliar!I$1:I$300)/COUNTIF(RESPOSTAS!$C$2:$C$300,$B$30),2)),"") | I30: =IFERROR(IF(ROUND(SUMIF(RESPOSTAS!$C$2:$C$300,$B$30,Auxiliar!J$1:J$300)/COUNTIF(RESPOSTAS!$C$2:$C$300,$B$30),2)=0,"",ROUND(SUMIF(RESPOSTAS!$C$2:$C$300,$B$30,Auxiliar!J$1:J$300)/COUNTIF(RESPOSTAS!$C$2:$C$300,$B$30),2)),"") | J30: =IFERROR(IF(ROUND(SUMIF(RESPOSTAS!$C$2:$C$300,$B$30,Auxiliar!K$1:K$300)/COUNTIF(RESPOSTAS!$C$2:$C$300,$B$30),2)=0,"",ROUND(SUMIF(RESPOSTAS!$C$2:$C$300,$B$30,Auxiliar!K$1:K$300)/COUNTIF(RESPOSTAS!$C$2:$C$300,$B$30),2)),"") | ... AQ30: =IFERROR(IF(ROUND(SUMIF(RESPOSTAS!$C$2:$C$300,$B$30,Auxiliar!AR$1:AR$300)/COUNTIF(RESPOSTAS!$C$2:$C$300,$B$30),2)=0,"",ROUND(SUMIF(RESPOSTAS!$C$2:$C$300,$B$30,Auxiliar!AR$1:AR$300)/COUNTIF(RESPOSTAS!$C$2:$C$300,$B$30),2)),"")
A31: =IFERROR(IF(ROUND(AVERAGE(C31:AQ31,COUNT(C31:AQ31)),2)=0,"",ROUND(AVERAGE(C31:AQ31,COUNT(C31:AQ31)),2)),"") | C31: =IFERROR(IF(ROUND(SUMIF(RESPOSTAS!$C$2:$C$300,$B$31,Auxiliar!D$1:D$300)/COUNTIF(RESPOSTAS!$C$2:$C$300,$B$31),2)=0,"",ROUND(SUMIF(RESPOSTAS!$C$2:$C$300,$B$31,Auxiliar!D$1:D$300)/COUNTIF(RESPOSTAS!$C$2:$C$300,$B$31),2)),"") | D31: =IFERROR(IF(ROUND(SUMIF(RESPOSTAS!$C$2:$C$300,$B$31,Auxiliar!E$1:E$300)/COUNTIF(RESPOSTAS!$C$2:$C$300,$B$31),2)=0,"",ROUND(SUMIF(RESPOSTAS!$C$2:$C$300,$B$31,Auxiliar!E$1:E$300)/COUNTIF(RESPOSTAS!$C$2:$C$300,$B$31),2)),"") | E31: =IFERROR(IF(ROUND(SUMIF(RESPOSTAS!$C$2:$C$300,$B$31,Auxiliar!F$1:F$300)/COUNTIF(RESPOSTAS!$C$2:$C$300,$B$31),2)=0,"",ROUND(SUMIF(RESPOSTAS!$C$2:$C$300,$B$31,Auxiliar!F$1:F$300)/COUNTIF(RESPOSTAS!$C$2:$C$300,$B$31),2)),"") | F31: =IFERROR(IF(ROUND(SUMIF(RESPOSTAS!$C$2:$C$300,$B$31,Auxiliar!G$1:G$300)/COUNTIF(RESPOSTAS!$C$2:$C$300,$B$31),2)=0,"",ROUND(SUMIF(RESPOSTAS!$C$2:$C$300,$B$31,Auxiliar!G$1:G$300)/COUNTIF(RESPOSTAS!$C$2:$C$300,$B$31),2)),"") | G31: =IFERROR(IF(ROUND(SUMIF(RESPOSTAS!$C$2:$C$300,$B$31,Auxiliar!H$1:H$300)/COUNTIF(RESPOSTAS!$C$2:$C$300,$B$31),2)=0,"",ROUND(SUMIF(RESPOSTAS!$C$2:$C$300,$B$31,Auxiliar!H$1:H$300)/COUNTIF(RESPOSTAS!$C$2:$C$300,$B$31),2)),"") | H31: =IFERROR(IF(ROUND(SUMIF(RESPOSTAS!$C$2:$C$300,$B$31,Auxiliar!I$1:I$300)/COUNTIF(RESPOSTAS!$C$2:$C$300,$B$31),2)=0,"",ROUND(SUMIF(RESPOSTAS!$C$2:$C$300,$B$31,Auxiliar!I$1:I$300)/COUNTIF(RESPOSTAS!$C$2:$C$300,$B$31),2)),"") | I31: =IFERROR(IF(ROUND(SUMIF(RESPOSTAS!$C$2:$C$300,$B$31,Auxiliar!J$1:J$300)/COUNTIF(RESPOSTAS!$C$2:$C$300,$B$31),2)=0,"",ROUND(SUMIF(RESPOSTAS!$C$2:$C$300,$B$31,Auxiliar!J$1:J$300)/COUNTIF(RESPOSTAS!$C$2:$C$300,$B$31),2)),"") | J31: =IFERROR(IF(ROUND(SUMIF(RESPOSTAS!$C$2:$C$300,$B$31,Auxiliar!K$1:K$300)/COUNTIF(RESPOSTAS!$C$2:$C$300,$B$31),2)=0,"",ROUND(SUMIF(RESPOSTAS!$C$2:$C$300,$B$31,Auxiliar!K$1:K$300)/COUNTIF(RESPOSTAS!$C$2:$C$300,$B$31),2)),"") | ... AQ31: =IFERROR(IF(ROUND(SUMIF(RESPOSTAS!$C$2:$C$300,$B$31,Auxiliar!AR$1:AR$300)/COUNTIF(RESPOSTAS!$C$2:$C$300,$B$31),2)=0,"",ROUND(SUMIF(RESPOSTAS!$C$2:$C$300,$B$31,Auxiliar!AR$1:AR$300)/COUNTIF(RESPOSTAS!$C$2:$C$300,$B$31),2)),"")
A32: =IFERROR(IF(ROUND(AVERAGE(C32:AQ32,COUNT(C32:AQ32)),2)=0,"",ROUND(AVERAGE(C32:AQ32,COUNT(C32:AQ32)),2)),"") | C32: =IFERROR(IF(ROUND(SUMIF(RESPOSTAS!$C$2:$C$300,$B$32,Auxiliar!D$1:D$300)/COUNTIF(RESPOSTAS!$C$2:$C$300,$B$32),2)=0,"",ROUND(SUMIF(RESPOSTAS!$C$2:$C$300,$B$32,Auxiliar!D$1:D$300)/COUNTIF(RESPOSTAS!$C$2:$C$300,$B$32),2)),"") | D32: =IFERROR(IF(ROUND(SUMIF(RESPOSTAS!$C$2:$C$300,$B$32,Auxiliar!E$1:E$300)/COUNTIF(RESPOSTAS!$C$2:$C$300,$B$32),2)=0,"",ROUND(SUMIF(RESPOSTAS!$C$2:$C$300,$B$32,Auxiliar!E$1:E$300)/COUNTIF(RESPOSTAS!$C$2:$C$300,$B$32),2)),"") | E32: =IFERROR(IF(ROUND(SUMIF(RESPOSTAS!$C$2:$C$300,$B$32,Auxiliar!F$1:F$300)/COUNTIF(RESPOSTAS!$C$2:$C$300,$B$32),2)=0,"",ROUND(SUMIF(RESPOSTAS!$C$2:$C$300,$B$32,Auxiliar!F$1:F$300)/COUNTIF(RESPOSTAS!$C$2:$C$300,$B$32),2)),"") | F32: =IFERROR(IF(ROUND(SUMIF(RESPOSTAS!$C$2:$C$300,$B$32,Auxiliar!G$1:G$300)/COUNTIF(RESPOSTAS!$C$2:$C$300,$B$32),2)=0,"",ROUND(SUMIF(RESPOSTAS!$C$2:$C$300,$B$32,Auxiliar!G$1:G$300)/COUNTIF(RESPOSTAS!$C$2:$C$300,$B$32),2)),"") | G32: =IFERROR(IF(ROUND(SUMIF(RESPOSTAS!$C$2:$C$300,$B$32,Auxiliar!H$1:H$300)/COUNTIF(RESPOSTAS!$C$2:$C$300,$B$32),2)=0,"",ROUND(SUMIF(RESPOSTAS!$C$2:$C$300,$B$32,Auxiliar!H$1:H$300)/COUNTIF(RESPOSTAS!$C$2:$C$300,$B$32),2)),"") | H32: =IFERROR(IF(ROUND(SUMIF(RESPOSTAS!$C$2:$C$300,$B$32,Auxiliar!I$1:I$300)/COUNTIF(RESPOSTAS!$C$2:$C$300,$B$32),2)=0,"",ROUND(SUMIF(RESPOSTAS!$C$2:$C$300,$B$32,Auxiliar!I$1:I$300)/COUNTIF(RESPOSTAS!$C$2:$C$300,$B$32),2)),"") | I32: =IFERROR(IF(ROUND(SUMIF(RESPOSTAS!$C$2:$C$300,$B$32,Auxiliar!J$1:J$300)/COUNTIF(RESPOSTAS!$C$2:$C$300,$B$32),2)=0,"",ROUND(SUMIF(RESPOSTAS!$C$2:$C$300,$B$32,Auxiliar!J$1:J$300)/COUNTIF(RESPOSTAS!$C$2:$C$300,$B$32),2)),"") | J32: =IFERROR(IF(ROUND(SUMIF(RESPOSTAS!$C$2:$C$300,$B$32,Auxiliar!K$1:K$300)/COUNTIF(RESPOSTAS!$C$2:$C$300,$B$32),2)=0,"",ROUND(SUMIF(RESPOSTAS!$C$2:$C$300,$B$32,Auxiliar!K$1:K$300)/COUNTIF(RESPOSTAS!$C$2:$C$300,$B$32),2)),"") | ... AQ32: =IFERROR(IF(ROUND(SUMIF(RESPOSTAS!$C$2:$C$300,$B$32,Auxiliar!AR$1:AR$300)/COUNTIF(RESPOSTAS!$C$2:$C$300,$B$32),2)=0,"",ROUND(SUMIF(RESPOSTAS!$C$2:$C$300,$B$32,Auxiliar!AR$1:AR$300)/COUNTIF(RESPOSTAS!$C$2:$C$300,$B$32),2)),"")
A33: =IFERROR(IF(ROUND(AVERAGE(C33:AQ33,COUNT(C33:AQ33)),2)=0,"",ROUND(AVERAGE(C33:AQ33,COUNT(C33:AQ33)),2)),"") | C33: =IFERROR(IF(ROUND(SUMIF(RESPOSTAS!$C$2:$C$300,$B$33,Auxiliar!D$1:D$300)/COUNTIF(RESPOSTAS!$C$2:$C$300,$B$33),2)=0,"",ROUND(SUMIF(RESPOSTAS!$C$2:$C$300,$B$33,Auxiliar!D$1:D$300)/COUNTIF(RESPOSTAS!$C$2:$C$300,$B$33),2)),"") | D33: =IFERROR(IF(ROUND(SUMIF(RESPOSTAS!$C$2:$C$300,$B$33,Auxiliar!E$1:E$300)/COUNTIF(RESPOSTAS!$C$2:$C$300,$B$33),2)=0,"",ROUND(SUMIF(RESPOSTAS!$C$2:$C$300,$B$33,Auxiliar!E$1:E$300)/COUNTIF(RESPOSTAS!$C$2:$C$300,$B$33),2)),"") | E33: =IFERROR(IF(ROUND(SUMIF(RESPOSTAS!$C$2:$C$300,$B$33,Auxiliar!F$1:F$300)/COUNTIF(RESPOSTAS!$C$2:$C$300,$B$33),2)=0,"",ROUND(SUMIF(RESPOSTAS!$C$2:$C$300,$B$33,Auxiliar!F$1:F$300)/COUNTIF(RESPOSTAS!$C$2:$C$300,$B$33),2)),"") | F33: =IFERROR(IF(ROUND(SUMIF(RESPOSTAS!$C$2:$C$300,$B$33,Auxiliar!G$1:G$300)/COUNTIF(RESPOSTAS!$C$2:$C$300,$B$33),2)=0,"",ROUND(SUMIF(RESPOSTAS!$C$2:$C$300,$B$33,Auxiliar!G$1:G$300)/COUNTIF(RESPOSTAS!$C$2:$C$300,$B$33),2)),"") | G33: =IFERROR(IF(ROUND(SUMIF(RESPOSTAS!$C$2:$C$300,$B$33,Auxiliar!H$1:H$300)/COUNTIF(RESPOSTAS!$C$2:$C$300,$B$33),2)=0,"",ROUND(SUMIF(RESPOSTAS!$C$2:$C$300,$B$33,Auxiliar!H$1:H$300)/COUNTIF(RESPOSTAS!$C$2:$C$300,$B$33),2)),"") | H33: =IFERROR(IF(ROUND(SUMIF(RESPOSTAS!$C$2:$C$300,$B$33,Auxiliar!I$1:I$300)/COUNTIF(RESPOSTAS!$C$2:$C$300,$B$33),2)=0,"",ROUND(SUMIF(RESPOSTAS!$C$2:$C$300,$B$33,Auxiliar!I$1:I$300)/COUNTIF(RESPOSTAS!$C$2:$C$300,$B$33),2)),"") | I33: =IFERROR(IF(ROUND(SUMIF(RESPOSTAS!$C$2:$C$300,$B$33,Auxiliar!J$1:J$300)/COUNTIF(RESPOSTAS!$C$2:$C$300,$B$33),2)=0,"",ROUND(SUMIF(RESPOSTAS!$C$2:$C$300,$B$33,Auxiliar!J$1:J$300)/COUNTIF(RESPOSTAS!$C$2:$C$300,$B$33),2)),"") | J33: =IFERROR(IF(ROUND(SUMIF(RESPOSTAS!$C$2:$C$300,$B$33,Auxiliar!K$1:K$300)/COUNTIF(RESPOSTAS!$C$2:$C$300,$B$33),2)=0,"",ROUND(SUMIF(RESPOSTAS!$C$2:$C$300,$B$33,Auxiliar!K$1:K$300)/COUNTIF(RESPOSTAS!$C$2:$C$300,$B$33),2)),"") | ... AQ33: =IFERROR(IF(ROUND(SUMIF(RESPOSTAS!$C$2:$C$300,$B$33,Auxiliar!AR$1:AR$300)/COUNTIF(RESPOSTAS!$C$2:$C$300,$B$33),2)=0,"",ROUND(SUMIF(RESPOSTAS!$C$2:$C$300,$B$33,Auxiliar!AR$1:AR$300)/COUNTIF(RESPOSTAS!$C$2:$C$300,$B$33),2)),"")
A34: =IFERROR(IF(ROUND(AVERAGE(C34:AQ34,COUNT(C34:AQ34)),2)=0,"",ROUND(AVERAGE(C34:AQ34,COUNT(C34:AQ34)),2)),"") | C34: =IFERROR(IF(ROUND(SUMIF(RESPOSTAS!$C$2:$C$300,$B$34,Auxiliar!D$1:D$300)/COUNTIF(RESPOSTAS!$C$2:$C$300,$B$34),2)=0,"",ROUND(SUMIF(RESPOSTAS!$C$2:$C$300,$B$34,Auxiliar!D$1:D$300)/COUNTIF(RESPOSTAS!$C$2:$C$300,$B$34),2)),"") | D34: =IFERROR(IF(ROUND(SUMIF(RESPOSTAS!$C$2:$C$300,$B$34,Auxiliar!E$1:E$300)/COUNTIF(RESPOSTAS!$C$2:$C$300,$B$34),2)=0,"",ROUND(SUMIF(RESPOSTAS!$C$2:$C$300,$B$34,Auxiliar!E$1:E$300)/COUNTIF(RESPOSTAS!$C$2:$C$300,$B$34),2)),"") | E34: =IFERROR(IF(ROUND(SUMIF(RESPOSTAS!$C$2:$C$300,$B$34,Auxiliar!F$1:F$300)/COUNTIF(RESPOSTAS!$C$2:$C$300,$B$34),2)=0,"",ROUND(SUMIF(RESPOSTAS!$C$2:$C$300,$B$34,Auxiliar!F$1:F$300)/COUNTIF(RESPOSTAS!$C$2:$C$300,$B$34),2)),"") | F34: =IFERROR(IF(ROUND(SUMIF(RESPOSTAS!$C$2:$C$300,$B$34,Auxiliar!G$1:G$300)/COUNTIF(RESPOSTAS!$C$2:$C$300,$B$34),2)=0,"",ROUND(SUMIF(RESPOSTAS!$C$2:$C$300,$B$34,Auxiliar!G$1:G$300)/COUNTIF(RESPOSTAS!$C$2:$C$300,$B$34),2)),"") | G34: =IFERROR(IF(ROUND(SUMIF(RESPOSTAS!$C$2:$C$300,$B$34,Auxiliar!H$1:H$300)/COUNTIF(RESPOSTAS!$C$2:$C$300,$B$34),2)=0,"",ROUND(SUMIF(RESPOSTAS!$C$2:$C$300,$B$34,Auxiliar!H$1:H$300)/COUNTIF(RESPOSTAS!$C$2:$C$300,$B$34),2)),"") | H34: =IFERROR(IF(ROUND(SUMIF(RESPOSTAS!$C$2:$C$300,$B$34,Auxiliar!I$1:I$300)/COUNTIF(RESPOSTAS!$C$2:$C$300,$B$34),2)=0,"",ROUND(SUMIF(RESPOSTAS!$C$2:$C$300,$B$34,Auxiliar!I$1:I$300)/COUNTIF(RESPOSTAS!$C$2:$C$300,$B$34),2)),"") | I34: =IFERROR(IF(ROUND(SUMIF(RESPOSTAS!$C$2:$C$300,$B$34,Auxiliar!J$1:J$300)/COUNTIF(RESPOSTAS!$C$2:$C$300,$B$34),2)=0,"",ROUND(SUMIF(RESPOSTAS!$C$2:$C$300,$B$34,Auxiliar!J$1:J$300)/COUNTIF(RESPOSTAS!$C$2:$C$300,$B$34),2)),"") | J34: =IFERROR(IF(ROUND(SUMIF(RESPOSTAS!$C$2:$C$300,$B$34,Auxiliar!K$1:K$300)/COUNTIF(RESPOSTAS!$C$2:$C$300,$B$34),2)=0,"",ROUND(SUMIF(RESPOSTAS!$C$2:$C$300,$B$34,Auxiliar!K$1:K$300)/COUNTIF(RESPOSTAS!$C$2:$C$300,$B$34),2)),"") | ... AQ34: =IFERROR(IF(ROUND(SUMIF(RESPOSTAS!$C$2:$C$300,$B$34,Auxiliar!AR$1:AR$300)/COUNTIF(RESPOSTAS!$C$2:$C$300,$B$34),2)=0,"",ROUND(SUMIF(RESPOSTAS!$C$2:$C$300,$B$34,Auxiliar!AR$1:AR$300)/COUNTIF(RESPOSTAS!$C$2:$C$300,$B$34),2)),"")
A35: =IFERROR(IF(ROUND(AVERAGE(C35:AQ35,COUNT(C35:AQ35)),2)=0,"",ROUND(AVERAGE(C35:AQ35,COUNT(C35:AQ35)),2)),"") | C35: =IFERROR(IF(ROUND(SUMIF(RESPOSTAS!$C$2:$C$300,$B$35,Auxiliar!D$1:D$300)/COUNTIF(RESPOSTAS!$C$2:$C$300,$B$35),2)=0,"",ROUND(SUMIF(RESPOSTAS!$C$2:$C$300,$B$35,Auxiliar!D$1:D$300)/COUNTIF(RESPOSTAS!$C$2:$C$300,$B$35),2)),"") | D35: =IFERROR(IF(ROUND(SUMIF(RESPOSTAS!$C$2:$C$300,$B$35,Auxiliar!E$1:E$300)/COUNTIF(RESPOSTAS!$C$2:$C$300,$B$35),2)=0,"",ROUND(SUMIF(RESPOSTAS!$C$2:$C$300,$B$35,Auxiliar!E$1:E$300)/COUNTIF(RESPOSTAS!$C$2:$C$300,$B$35),2)),"") | E35: =IFERROR(IF(ROUND(SUMIF(RESPOSTAS!$C$2:$C$300,$B$35,Auxiliar!F$1:F$300)/COUNTIF(RESPOSTAS!$C$2:$C$300,$B$35),2)=0,"",ROUND(SUMIF(RESPOSTAS!$C$2:$C$300,$B$35,Auxiliar!F$1:F$300)/COUNTIF(RESPOSTAS!$C$2:$C$300,$B$35),2)),"") | F35: =IFERROR(IF(ROUND(SUMIF(RESPOSTAS!$C$2:$C$300,$B$35,Auxiliar!G$1:G$300)/COUNTIF(RESPOSTAS!$C$2:$C$300,$B$35),2)=0,"",ROUND(SUMIF(RESPOSTAS!$C$2:$C$300,$B$35,Auxiliar!G$1:G$300)/COUNTIF(RESPOSTAS!$C$2:$C$300,$B$35),2)),"") | G35: =IFERROR(IF(ROUND(SUMIF(RESPOSTAS!$C$2:$C$300,$B$35,Auxiliar!H$1:H$300)/COUNTIF(RESPOSTAS!$C$2:$C$300,$B$35),2)=0,"",ROUND(SUMIF(RESPOSTAS!$C$2:$C$300,$B$35,Auxiliar!H$1:H$300)/COUNTIF(RESPOSTAS!$C$2:$C$300,$B$35),2)),"") | H35: =IFERROR(IF(ROUND(SUMIF(RESPOSTAS!$C$2:$C$300,$B$35,Auxiliar!I$1:I$300)/COUNTIF(RESPOSTAS!$C$2:$C$300,$B$35),2)=0,"",ROUND(SUMIF(RESPOSTAS!$C$2:$C$300,$B$35,Auxiliar!I$1:I$300)/COUNTIF(RESPOSTAS!$C$2:$C$300,$B$35),2)),"") | I35: =IFERROR(IF(ROUND(SUMIF(RESPOSTAS!$C$2:$C$300,$B$35,Auxiliar!J$1:J$300)/COUNTIF(RESPOSTAS!$C$2:$C$300,$B$35),2)=0,"",ROUND(SUMIF(RESPOSTAS!$C$2:$C$300,$B$35,Auxiliar!J$1:J$300)/COUNTIF(RESPOSTAS!$C$2:$C$300,$B$35),2)),"") | J35: =IFERROR(IF(ROUND(SUMIF(RESPOSTAS!$C$2:$C$300,$B$35,Auxiliar!K$1:K$300)/COUNTIF(RESPOSTAS!$C$2:$C$300,$B$35),2)=0,"",ROUND(SUMIF(RESPOSTAS!$C$2:$C$300,$B$35,Auxiliar!K$1:K$300)/COUNTIF(RESPOSTAS!$C$2:$C$300,$B$35),2)),"") | ... AQ35: =IFERROR(IF(ROUND(SUMIF(RESPOSTAS!$C$2:$C$300,$B$35,Auxiliar!AR$1:AR$300)/COUNTIF(RESPOSTAS!$C$2:$C$300,$B$35),2)=0,"",ROUND(SUMIF(RESPOSTAS!$C$2:$C$300,$B$35,Auxiliar!AR$1:AR$300)/COUNTIF(RESPOSTAS!$C$2:$C$300,$B$35),2)),"")
A36: =IFERROR(IF(ROUND(AVERAGE(C36:AQ36,COUNT(C36:AQ36)),2)=0,"",ROUND(AVERAGE(C36:AQ36,COUNT(C36:AQ36)),2)),"") | C36: =IFERROR(IF(ROUND(SUMIF(RESPOSTAS!$C$2:$C$300,$B$36,Auxiliar!D$1:D$300)/COUNTIF(RESPOSTAS!$C$2:$C$300,$B$36),2)=0,"",ROUND(SUMIF(RESPOSTAS!$C$2:$C$300,$B$36,Auxiliar!D$1:D$300)/COUNTIF(RESPOSTAS!$C$2:$C$300,$B$36),2)),"") | D36: =IFERROR(IF(ROUND(SUMIF(RESPOSTAS!$C$2:$C$300,$B$36,Auxiliar!E$1:E$300)/COUNTIF(RESPOSTAS!$C$2:$C$300,$B$36),2)=0,"",ROUND(SUMIF(RESPOSTAS!$C$2:$C$300,$B$36,Auxiliar!E$1:E$300)/COUNTIF(RESPOSTAS!$C$2:$C$300,$B$36),2)),"") | E36: =IFERROR(IF(ROUND(SUMIF(RESPOSTAS!$C$2:$C$300,$B$36,Auxiliar!F$1:F$300)/COUNTIF(RESPOSTAS!$C$2:$C$300,$B$36),2)=0,"",ROUND(SUMIF(RESPOSTAS!$C$2:$C$300,$B$36,Auxiliar!F$1:F$300)/COUNTIF(RESPOSTAS!$C$2:$C$300,$B$36),2)),"") | F36: =IFERROR(IF(ROUND(SUMIF(RESPOSTAS!$C$2:$C$300,$B$36,Auxiliar!G$1:G$300)/COUNTIF(RESPOSTAS!$C$2:$C$300,$B$36),2)=0,"",ROUND(SUMIF(RESPOSTAS!$C$2:$C$300,$B$36,Auxiliar!G$1:G$300)/COUNTIF(RESPOSTAS!$C$2:$C$300,$B$36),2)),"") | G36: =IFERROR(IF(ROUND(SUMIF(RESPOSTAS!$C$2:$C$300,$B$36,Auxiliar!H$1:H$300)/COUNTIF(RESPOSTAS!$C$2:$C$300,$B$36),2)=0,"",ROUND(SUMIF(RESPOSTAS!$C$2:$C$300,$B$36,Auxiliar!H$1:H$300)/COUNTIF(RESPOSTAS!$C$2:$C$300,$B$36),2)),"") | H36: =IFERROR(IF(ROUND(SUMIF(RESPOSTAS!$C$2:$C$300,$B$36,Auxiliar!I$1:I$300)/COUNTIF(RESPOSTAS!$C$2:$C$300,$B$36),2)=0,"",ROUND(SUMIF(RESPOSTAS!$C$2:$C$300,$B$36,Auxiliar!I$1:I$300)/COUNTIF(RESPOSTAS!$C$2:$C$300,$B$36),2)),"") | I36: =IFERROR(IF(ROUND(SUMIF(RESPOSTAS!$C$2:$C$300,$B$36,Auxiliar!J$1:J$300)/COUNTIF(RESPOSTAS!$C$2:$C$300,$B$36),2)=0,"",ROUND(SUMIF(RESPOSTAS!$C$2:$C$300,$B$36,Auxiliar!J$1:J$300)/COUNTIF(RESPOSTAS!$C$2:$C$300,$B$36),2)),"") | J36: =IFERROR(IF(ROUND(SUMIF(RESPOSTAS!$C$2:$C$300,$B$36,Auxiliar!K$1:K$300)/COUNTIF(RESPOSTAS!$C$2:$C$300,$B$36),2)=0,"",ROUND(SUMIF(RESPOSTAS!$C$2:$C$300,$B$36,Auxiliar!K$1:K$300)/COUNTIF(RESPOSTAS!$C$2:$C$300,$B$36),2)),"") | ... AQ36: =IFERROR(IF(ROUND(SUMIF(RESPOSTAS!$C$2:$C$300,$B$36,Auxiliar!AR$1:AR$300)/COUNTIF(RESPOSTAS!$C$2:$C$300,$B$36),2)=0,"",ROUND(SUMIF(RESPOSTAS!$C$2:$C$300,$B$36,Auxiliar!AR$1:AR$300)/COUNTIF(RESPOSTAS!$C$2:$C$300,$B$36),2)),"")
A37: =IFERROR(IF(ROUND(AVERAGE(C37:AQ37,COUNT(C37:AQ37)),2)=0,"",ROUND(AVERAGE(C37:AQ37,COUNT(C37:AQ37)),2)),"") | C37: =IFERROR(IF(ROUND(SUMIF(RESPOSTAS!$C$2:$C$300,$B$37,Auxiliar!D$1:D$300)/COUNTIF(RESPOSTAS!$C$2:$C$300,$B$37),2)=0,"",ROUND(SUMIF(RESPOSTAS!$C$2:$C$300,$B$37,Auxiliar!D$1:D$300)/COUNTIF(RESPOSTAS!$C$2:$C$300,$B$37),2)),"") | D37: =IFERROR(IF(ROUND(SUMIF(RESPOSTAS!$C$2:$C$300,$B$37,Auxiliar!E$1:E$300)/COUNTIF(RESPOSTAS!$C$2:$C$300,$B$37),2)=0,"",ROUND(SUMIF(RESPOSTAS!$C$2:$C$300,$B$37,Auxiliar!E$1:E$300)/COUNTIF(RESPOSTAS!$C$2:$C$300,$B$37),2)),"") | E37: =IFERROR(IF(ROUND(SUMIF(RESPOSTAS!$C$2:$C$300,$B$37,Auxiliar!F$1:F$300)/COUNTIF(RESPOSTAS!$C$2:$C$300,$B$37),2)=0,"",ROUND(SUMIF(RESPOSTAS!$C$2:$C$300,$B$37,Auxiliar!F$1:F$300)/COUNTIF(RESPOSTAS!$C$2:$C$300,$B$37),2)),"") | F37: =IFERROR(IF(ROUND(SUMIF(RESPOSTAS!$C$2:$C$300,$B$37,Auxiliar!G$1:G$300)/COUNTIF(RESPOSTAS!$C$2:$C$300,$B$37),2)=0,"",ROUND(SUMIF(RESPOSTAS!$C$2:$C$300,$B$37,Auxiliar!G$1:G$300)/COUNTIF(RESPOSTAS!$C$2:$C$300,$B$37),2)),"") | G37: =IFERROR(IF(ROUND(SUMIF(RESPOSTAS!$C$2:$C$300,$B$37,Auxiliar!H$1:H$300)/COUNTIF(RESPOSTAS!$C$2:$C$300,$B$37),2)=0,"",ROUND(SUMIF(RESPOSTAS!$C$2:$C$300,$B$37,Auxiliar!H$1:H$300)/COUNTIF(RESPOSTAS!$C$2:$C$300,$B$37),2)),"") | H37: =IFERROR(IF(ROUND(SUMIF(RESPOSTAS!$C$2:$C$300,$B$37,Auxiliar!I$1:I$300)/COUNTIF(RESPOSTAS!$C$2:$C$300,$B$37),2)=0,"",ROUND(SUMIF(RESPOSTAS!$C$2:$C$300,$B$37,Auxiliar!I$1:I$300)/COUNTIF(RESPOSTAS!$C$2:$C$300,$B$37),2)),"") | I37: =IFERROR(IF(ROUND(SUMIF(RESPOSTAS!$C$2:$C$300,$B$37,Auxiliar!J$1:J$300)/COUNTIF(RESPOSTAS!$C$2:$C$300,$B$37),2)=0,"",ROUND(SUMIF(RESPOSTAS!$C$2:$C$300,$B$37,Auxiliar!J$1:J$300)/COUNTIF(RESPOSTAS!$C$2:$C$300,$B$37),2)),"") | J37: =IFERROR(IF(ROUND(SUMIF(RESPOSTAS!$C$2:$C$300,$B$37,Auxiliar!K$1:K$300)/COUNTIF(RESPOSTAS!$C$2:$C$300,$B$37),2)=0,"",ROUND(SUMIF(RESPOSTAS!$C$2:$C$300,$B$37,Auxiliar!K$1:K$300)/COUNTIF(RESPOSTAS!$C$2:$C$300,$B$37),2)),"") | ... AQ37: =IFERROR(IF(ROUND(SUMIF(RESPOSTAS!$C$2:$C$300,$B$37,Auxiliar!AR$1:AR$300)/COUNTIF(RESPOSTAS!$C$2:$C$300,$B$37),2)=0,"",ROUND(SUMIF(RESPOSTAS!$C$2:$C$300,$B$37,Auxiliar!AR$1:AR$300)/COUNTIF(RESPOSTAS!$C$2:$C$300,$B$37),2)),"")
A38: =IFERROR(IF(ROUND(AVERAGE(C38:AQ38,COUNT(C38:AQ38)),2)=0,"",ROUND(AVERAGE(C38:AQ38,COUNT(C38:AQ38)),2)),"") | C38: =IFERROR(IF(ROUND(SUMIF(RESPOSTAS!$C$2:$C$300,$B$38,Auxiliar!D$1:D$300)/COUNTIF(RESPOSTAS!$C$2:$C$300,$B$38),2)=0,"",ROUND(SUMIF(RESPOSTAS!$C$2:$C$300,$B$38,Auxiliar!D$1:D$300)/COUNTIF(RESPOSTAS!$C$2:$C$300,$B$38),2)),"") | D38: =IFERROR(IF(ROUND(SUMIF(RESPOSTAS!$C$2:$C$300,$B$38,Auxiliar!E$1:E$300)/COUNTIF(RESPOSTAS!$C$2:$C$300,$B$38),2)=0,"",ROUND(SUMIF(RESPOSTAS!$C$2:$C$300,$B$38,Auxiliar!E$1:E$300)/COUNTIF(RESPOSTAS!$C$2:$C$300,$B$38),2)),"") | E38: =IFERROR(IF(ROUND(SUMIF(RESPOSTAS!$C$2:$C$300,$B$38,Auxiliar!F$1:F$300)/COUNTIF(RESPOSTAS!$C$2:$C$300,$B$38),2)=0,"",ROUND(SUMIF(RESPOSTAS!$C$2:$C$300,$B$38,Auxiliar!F$1:F$300)/COUNTIF(RESPOSTAS!$C$2:$C$300,$B$38),2)),"") | F38: =IFERROR(IF(ROUND(SUMIF(RESPOSTAS!$C$2:$C$300,$B$38,Auxiliar!G$1:G$300)/COUNTIF(RESPOSTAS!$C$2:$C$300,$B$38),2)=0,"",ROUND(SUMIF(RESPOSTAS!$C$2:$C$300,$B$38,Auxiliar!G$1:G$300)/COUNTIF(RESPOSTAS!$C$2:$C$300,$B$38),2)),"") | G38: =IFERROR(IF(ROUND(SUMIF(RESPOSTAS!$C$2:$C$300,$B$38,Auxiliar!H$1:H$300)/COUNTIF(RESPOSTAS!$C$2:$C$300,$B$38),2)=0,"",ROUND(SUMIF(RESPOSTAS!$C$2:$C$300,$B$38,Auxiliar!H$1:H$300)/COUNTIF(RESPOSTAS!$C$2:$C$300,$B$38),2)),"") | H38: =IFERROR(IF(ROUND(SUMIF(RESPOSTAS!$C$2:$C$300,$B$38,Auxiliar!I$1:I$300)/COUNTIF(RESPOSTAS!$C$2:$C$300,$B$38),2)=0,"",ROUND(SUMIF(RESPOSTAS!$C$2:$C$300,$B$38,Auxiliar!I$1:I$300)/COUNTIF(RESPOSTAS!$C$2:$C$300,$B$38),2)),"") | I38: =IFERROR(IF(ROUND(SUMIF(RESPOSTAS!$C$2:$C$300,$B$38,Auxiliar!J$1:J$300)/COUNTIF(RESPOSTAS!$C$2:$C$300,$B$38),2)=0,"",ROUND(SUMIF(RESPOSTAS!$C$2:$C$300,$B$38,Auxiliar!J$1:J$300)/COUNTIF(RESPOSTAS!$C$2:$C$300,$B$38),2)),"") | J38: =IFERROR(IF(ROUND(SUMIF(RESPOSTAS!$C$2:$C$300,$B$38,Auxiliar!K$1:K$300)/COUNTIF(RESPOSTAS!$C$2:$C$300,$B$38),2)=0,"",ROUND(SUMIF(RESPOSTAS!$C$2:$C$300,$B$38,Auxiliar!K$1:K$300)/COUNTIF(RESPOSTAS!$C$2:$C$300,$B$38),2)),"") | ... AQ38: =IFERROR(IF(ROUND(SUMIF(RESPOSTAS!$C$2:$C$300,$B$38,Auxiliar!AR$1:AR$300)/COUNTIF(RESPOSTAS!$C$2:$C$300,$B$38),2)=0,"",ROUND(SUMIF(RESPOSTAS!$C$2:$C$300,$B$38,Auxiliar!AR$1:AR$300)/COUNTIF(RESPOSTAS!$C$2:$C$300,$B$38),2)),"")
A39: =IFERROR(IF(ROUND(AVERAGE(C39:AQ39,COUNT(C39:AQ39)),2)=0,"",ROUND(AVERAGE(C39:AQ39,COUNT(C39:AQ39)),2)),"") | C39: =IFERROR(IF(ROUND(SUMIF(RESPOSTAS!$C$2:$C$300,$B$39,Auxiliar!D$1:D$300)/COUNTIF(RESPOSTAS!$C$2:$C$300,$B$39),2)=0,"",ROUND(SUMIF(RESPOSTAS!$C$2:$C$300,$B$39,Auxiliar!D$1:D$300)/COUNTIF(RESPOSTAS!$C$2:$C$300,$B$39),2)),"") | D39: =IFERROR(IF(ROUND(SUMIF(RESPOSTAS!$C$2:$C$300,$B$39,Auxiliar!E$1:E$300)/COUNTIF(RESPOSTAS!$C$2:$C$300,$B$39),2)=0,"",ROUND(SUMIF(RESPOSTAS!$C$2:$C$300,$B$39,Auxiliar!E$1:E$300)/COUNTIF(RESPOSTAS!$C$2:$C$300,$B$39),2)),"") | E39: =IFERROR(IF(ROUND(SUMIF(RESPOSTAS!$C$2:$C$300,$B$39,Auxiliar!F$1:F$300)/COUNTIF(RESPOSTAS!$C$2:$C$300,$B$39),2)=0,"",ROUND(SUMIF(RESPOSTAS!$C$2:$C$300,$B$39,Auxiliar!F$1:F$300)/COUNTIF(RESPOSTAS!$C$2:$C$300,$B$39),2)),"") | F39: =IFERROR(IF(ROUND(SUMIF(RESPOSTAS!$C$2:$C$300,$B$39,Auxiliar!G$1:G$300)/COUNTIF(RESPOSTAS!$C$2:$C$300,$B$39),2)=0,"",ROUND(SUMIF(RESPOSTAS!$C$2:$C$300,$B$39,Auxiliar!G$1:G$300)/COUNTIF(RESPOSTAS!$C$2:$C$300,$B$39),2)),"") | G39: =IFERROR(IF(ROUND(SUMIF(RESPOSTAS!$C$2:$C$300,$B$39,Auxiliar!H$1:H$300)/COUNTIF(RESPOSTAS!$C$2:$C$300,$B$39),2)=0,"",ROUND(SUMIF(RESPOSTAS!$C$2:$C$300,$B$39,Auxiliar!H$1:H$300)/COUNTIF(RESPOSTAS!$C$2:$C$300,$B$39),2)),"") | H39: =IFERROR(IF(ROUND(SUMIF(RESPOSTAS!$C$2:$C$300,$B$39,Auxiliar!I$1:I$300)/COUNTIF(RESPOSTAS!$C$2:$C$300,$B$39),2)=0,"",ROUND(SUMIF(RESPOSTAS!$C$2:$C$300,$B$39,Auxiliar!I$1:I$300)/COUNTIF(RESPOSTAS!$C$2:$C$300,$B$39),2)),"") | I39: =IFERROR(IF(ROUND(SUMIF(RESPOSTAS!$C$2:$C$300,$B$39,Auxiliar!J$1:J$300)/COUNTIF(RESPOSTAS!$C$2:$C$300,$B$39),2)=0,"",ROUND(SUMIF(RESPOSTAS!$C$2:$C$300,$B$39,Auxiliar!J$1:J$300)/COUNTIF(RESPOSTAS!$C$2:$C$300,$B$39),2)),"") | J39: =IFERROR(IF(ROUND(SUMIF(RESPOSTAS!$C$2:$C$300,$B$39,Auxiliar!K$1:K$300)/COUNTIF(RESPOSTAS!$C$2:$C$300,$B$39),2)=0,"",ROUND(SUMIF(RESPOSTAS!$C$2:$C$300,$B$39,Auxiliar!K$1:K$300)/COUNTIF(RESPOSTAS!$C$2:$C$300,$B$39),2)),"") | ... AQ39: =IFERROR(IF(ROUND(SUMIF(RESPOSTAS!$C$2:$C$300,$B$39,Auxiliar!AR$1:AR$300)/COUNTIF(RESPOSTAS!$C$2:$C$300,$B$39),2)=0,"",ROUND(SUMIF(RESPOSTAS!$C$2:$C$300,$B$39,Auxiliar!AR$1:AR$300)/COUNTIF(RESPOSTAS!$C$2:$C$300,$B$39),2)),"")
A40: =IFERROR(IF(ROUND(AVERAGE(C40:AQ40,COUNT(C40:AQ40)),2)=0,"",ROUND(AVERAGE(C40:AQ40,COUNT(C40:AQ40)),2)),"") | C40: =IFERROR(IF(ROUND(SUMIF(RESPOSTAS!$C$2:$C$300,$B$40,Auxiliar!D$1:D$300)/COUNTIF(RESPOSTAS!$C$2:$C$300,$B$40),2)=0,"",ROUND(SUMIF(RESPOSTAS!$C$2:$C$300,$B$40,Auxiliar!D$1:D$300)/COUNTIF(RESPOSTAS!$C$2:$C$300,$B$40),2)),"") | D40: =IFERROR(IF(ROUND(SUMIF(RESPOSTAS!$C$2:$C$300,$B$40,Auxiliar!E$1:E$300)/COUNTIF(RESPOSTAS!$C$2:$C$300,$B$40),2)=0,"",ROUND(SUMIF(RESPOSTAS!$C$2:$C$300,$B$40,Auxiliar!E$1:E$300)/COUNTIF(RESPOSTAS!$C$2:$C$300,$B$40),2)),"") | E40: =IFERROR(IF(ROUND(SUMIF(RESPOSTAS!$C$2:$C$300,$B$40,Auxiliar!F$1:F$300)/COUNTIF(RESPOSTAS!$C$2:$C$300,$B$40),2)=0,"",ROUND(SUMIF(RESPOSTAS!$C$2:$C$300,$B$40,Auxiliar!F$1:F$300)/COUNTIF(RESPOSTAS!$C$2:$C$300,$B$40),2)),"") | F40: =IFERROR(IF(ROUND(SUMIF(RESPOSTAS!$C$2:$C$300,$B$40,Auxiliar!G$1:G$300)/COUNTIF(RESPOSTAS!$C$2:$C$300,$B$40),2)=0,"",ROUND(SUMIF(RESPOSTAS!$C$2:$C$300,$B$40,Auxiliar!G$1:G$300)/COUNTIF(RESPOSTAS!$C$2:$C$300,$B$40),2)),"") | G40: =IFERROR(IF(ROUND(SUMIF(RESPOSTAS!$C$2:$C$300,$B$40,Auxiliar!H$1:H$300)/COUNTIF(RESPOSTAS!$C$2:$C$300,$B$40),2)=0,"",ROUND(SUMIF(RESPOSTAS!$C$2:$C$300,$B$40,Auxiliar!H$1:H$300)/COUNTIF(RESPOSTAS!$C$2:$C$300,$B$40),2)),"") | H40: =IFERROR(IF(ROUND(SUMIF(RESPOSTAS!$C$2:$C$300,$B$40,Auxiliar!I$1:I$300)/COUNTIF(RESPOSTAS!$C$2:$C$300,$B$40),2)=0,"",ROUND(SUMIF(RESPOSTAS!$C$2:$C$300,$B$40,Auxiliar!I$1:I$300)/COUNTIF(RESPOSTAS!$C$2:$C$300,$B$40),2)),"") | I40: =IFERROR(IF(ROUND(SUMIF(RESPOSTAS!$C$2:$C$300,$B$40,Auxiliar!J$1:J$300)/COUNTIF(RESPOSTAS!$C$2:$C$300,$B$40),2)=0,"",ROUND(SUMIF(RESPOSTAS!$C$2:$C$300,$B$40,Auxiliar!J$1:J$300)/COUNTIF(RESPOSTAS!$C$2:$C$300,$B$40),2)),"") | J40: =IFERROR(IF(ROUND(SUMIF(RESPOSTAS!$C$2:$C$300,$B$40,Auxiliar!K$1:K$300)/COUNTIF(RESPOSTAS!$C$2:$C$300,$B$40),2)=0,"",ROUND(SUMIF(RESPOSTAS!$C$2:$C$300,$B$40,Auxiliar!K$1:K$300)/COUNTIF(RESPOSTAS!$C$2:$C$300,$B$40),2)),"") | ... AQ40: =IFERROR(IF(ROUND(SUMIF(RESPOSTAS!$C$2:$C$300,$B$40,Auxiliar!AR$1:AR$300)/COUNTIF(RESPOSTAS!$C$2:$C$300,$B$40),2)=0,"",ROUND(SUMIF(RESPOSTAS!$C$2:$C$300,$B$40,Auxiliar!AR$1:AR$300)/COUNTIF(RESPOSTAS!$C$2:$C$300,$B$40),2)),"")
A41: =IFERROR(IF(ROUND(AVERAGE(C41:AQ41,COUNT(C41:AQ41)),2)=0,"",ROUND(AVERAGE(C41:AQ41,COUNT(C41:AQ41)),2)),"") | C41: =IFERROR(IF(ROUND(SUMIF(RESPOSTAS!$C$2:$C$300,$B$41,Auxiliar!D$1:D$300)/COUNTIF(RESPOSTAS!$C$2:$C$300,$B$41),2)=0,"",ROUND(SUMIF(RESPOSTAS!$C$2:$C$300,$B$41,Auxiliar!D$1:D$300)/COUNTIF(RESPOSTAS!$C$2:$C$300,$B$41),2)),"") | D41: =IFERROR(IF(ROUND(SUMIF(RESPOSTAS!$C$2:$C$300,$B$41,Auxiliar!E$1:E$300)/COUNTIF(RESPOSTAS!$C$2:$C$300,$B$41),2)=0,"",ROUND(SUMIF(RESPOSTAS!$C$2:$C$300,$B$41,Auxiliar!E$1:E$300)/COUNTIF(RESPOSTAS!$C$2:$C$300,$B$41),2)),"") | E41: =IFERROR(IF(ROUND(SUMIF(RESPOSTAS!$C$2:$C$300,$B$41,Auxiliar!F$1:F$300)/COUNTIF(RESPOSTAS!$C$2:$C$300,$B$41),2)=0,"",ROUND(SUMIF(RESPOSTAS!$C$2:$C$300,$B$41,Auxiliar!F$1:F$300)/COUNTIF(RESPOSTAS!$C$2:$C$300,$B$41),2)),"") | F41: =IFERROR(IF(ROUND(SUMIF(RESPOSTAS!$C$2:$C$300,$B$41,Auxiliar!G$1:G$300)/COUNTIF(RESPOSTAS!$C$2:$C$300,$B$41),2)=0,"",ROUND(SUMIF(RESPOSTAS!$C$2:$C$300,$B$41,Auxiliar!G$1:G$300)/COUNTIF(RESPOSTAS!$C$2:$C$300,$B$41),2)),"") | G41: =IFERROR(IF(ROUND(SUMIF(RESPOSTAS!$C$2:$C$300,$B$41,Auxiliar!H$1:H$300)/COUNTIF(RESPOSTAS!$C$2:$C$300,$B$41),2)=0,"",ROUND(SUMIF(RESPOSTAS!$C$2:$C$300,$B$41,Auxiliar!H$1:H$300)/COUNTIF(RESPOSTAS!$C$2:$C$300,$B$41),2)),"") | H41: =IFERROR(IF(ROUND(SUMIF(RESPOSTAS!$C$2:$C$300,$B$41,Auxiliar!I$1:I$300)/COUNTIF(RESPOSTAS!$C$2:$C$300,$B$41),2)=0,"",ROUND(SUMIF(RESPOSTAS!$C$2:$C$300,$B$41,Auxiliar!I$1:I$300)/COUNTIF(RESPOSTAS!$C$2:$C$300,$B$41),2)),"") | I41: =IFERROR(IF(ROUND(SUMIF(RESPOSTAS!$C$2:$C$300,$B$41,Auxiliar!J$1:J$300)/COUNTIF(RESPOSTAS!$C$2:$C$300,$B$41),2)=0,"",ROUND(SUMIF(RESPOSTAS!$C$2:$C$300,$B$41,Auxiliar!J$1:J$300)/COUNTIF(RESPOSTAS!$C$2:$C$300,$B$41),2)),"") | J41: =IFERROR(IF(ROUND(SUMIF(RESPOSTAS!$C$2:$C$300,$B$41,Auxiliar!K$1:K$300)/COUNTIF(RESPOSTAS!$C$2:$C$300,$B$41),2)=0,"",ROUND(SUMIF(RESPOSTAS!$C$2:$C$300,$B$41,Auxiliar!K$1:K$300)/COUNTIF(RESPOSTAS!$C$2:$C$300,$B$41),2)),"") | ... AQ41: =IFERROR(IF(ROUND(SUMIF(RESPOSTAS!$C$2:$C$300,$B$41,Auxiliar!AR$1:AR$300)/COUNTIF(RESPOSTAS!$C$2:$C$300,$B$41),2)=0,"",ROUND(SUMIF(RESPOSTAS!$C$2:$C$300,$B$41,Auxiliar!AR$1:AR$300)/COUNTIF(RESPOSTAS!$C$2:$C$300,$B$41),2)),"")
A42: =IFERROR(IF(ROUND(AVERAGE(C42:AQ42,COUNT(C42:AQ42)),2)=0,"",ROUND(AVERAGE(C42:AQ42,COUNT(C42:AQ42)),2)),"") | C42: =IFERROR(IF(ROUND(SUMIF(RESPOSTAS!$C$2:$C$300,$B$42,Auxiliar!D$1:D$300)/COUNTIF(RESPOSTAS!$C$2:$C$300,$B$42),2)=0,"",ROUND(SUMIF(RESPOSTAS!$C$2:$C$300,$B$42,Auxiliar!D$1:D$300)/COUNTIF(RESPOSTAS!$C$2:$C$300,$B$42),2)),"") | D42: =IFERROR(IF(ROUND(SUMIF(RESPOSTAS!$C$2:$C$300,$B$42,Auxiliar!E$1:E$300)/COUNTIF(RESPOSTAS!$C$2:$C$300,$B$42),2)=0,"",ROUND(SUMIF(RESPOSTAS!$C$2:$C$300,$B$42,Auxiliar!E$1:E$300)/COUNTIF(RESPOSTAS!$C$2:$C$300,$B$42),2)),"") | E42: =IFERROR(IF(ROUND(SUMIF(RESPOSTAS!$C$2:$C$300,$B$42,Auxiliar!F$1:F$300)/COUNTIF(RESPOSTAS!$C$2:$C$300,$B$42),2)=0,"",ROUND(SUMIF(RESPOSTAS!$C$2:$C$300,$B$42,Auxiliar!F$1:F$300)/COUNTIF(RESPOSTAS!$C$2:$C$300,$B$42),2)),"") | F42: =IFERROR(IF(ROUND(SUMIF(RESPOSTAS!$C$2:$C$300,$B$42,Auxiliar!G$1:G$300)/COUNTIF(RESPOSTAS!$C$2:$C$300,$B$42),2)=0,"",ROUND(SUMIF(RESPOSTAS!$C$2:$C$300,$B$42,Auxiliar!G$1:G$300)/COUNTIF(RESPOSTAS!$C$2:$C$300,$B$42),2)),"") | G42: =IFERROR(IF(ROUND(SUMIF(RESPOSTAS!$C$2:$C$300,$B$42,Auxiliar!H$1:H$300)/COUNTIF(RESPOSTAS!$C$2:$C$300,$B$42),2)=0,"",ROUND(SUMIF(RESPOSTAS!$C$2:$C$300,$B$42,Auxiliar!H$1:H$300)/COUNTIF(RESPOSTAS!$C$2:$C$300,$B$42),2)),"") | H42: =IFERROR(IF(ROUND(SUMIF(RESPOSTAS!$C$2:$C$300,$B$42,Auxiliar!I$1:I$300)/COUNTIF(RESPOSTAS!$C$2:$C$300,$B$42),2)=0,"",ROUND(SUMIF(RESPOSTAS!$C$2:$C$300,$B$42,Auxiliar!I$1:I$300)/COUNTIF(RESPOSTAS!$C$2:$C$300,$B$42),2)),"") | I42: =IFERROR(IF(ROUND(SUMIF(RESPOSTAS!$C$2:$C$300,$B$42,Auxiliar!J$1:J$300)/COUNTIF(RESPOSTAS!$C$2:$C$300,$B$42),2)=0,"",ROUND(SUMIF(RESPOSTAS!$C$2:$C$300,$B$42,Auxiliar!J$1:J$300)/COUNTIF(RESPOSTAS!$C$2:$C$300,$B$42),2)),"") | J42: =IFERROR(IF(ROUND(SUMIF(RESPOSTAS!$C$2:$C$300,$B$42,Auxiliar!K$1:K$300)/COUNTIF(RESPOSTAS!$C$2:$C$300,$B$42),2)=0,"",ROUND(SUMIF(RESPOSTAS!$C$2:$C$300,$B$42,Auxiliar!K$1:K$300)/COUNTIF(RESPOSTAS!$C$2:$C$300,$B$42),2)),"") | ... AQ42: =IFERROR(IF(ROUND(SUMIF(RESPOSTAS!$C$2:$C$300,$B$42,Auxiliar!AR$1:AR$300)/COUNTIF(RESPOSTAS!$C$2:$C$300,$B$42),2)=0,"",ROUND(SUMIF(RESPOSTAS!$C$2:$C$300,$B$42,Auxiliar!AR$1:AR$300)/COUNTIF(RESPOSTAS!$C$2:$C$300,$B$42),2)),"")
A43: =IFERROR(IF(ROUND(AVERAGE(C43:AQ43,COUNT(C43:AQ43)),2)=0,"",ROUND(AVERAGE(C43:AQ43,COUNT(C43:AQ43)),2)),"") | C43: =IFERROR(IF(ROUND(SUMIF(RESPOSTAS!$C$2:$C$300,$B$43,Auxiliar!D$1:D$300)/COUNTIF(RESPOSTAS!$C$2:$C$300,$B$43),2)=0,"",ROUND(SUMIF(RESPOSTAS!$C$2:$C$300,$B$43,Auxiliar!D$1:D$300)/COUNTIF(RESPOSTAS!$C$2:$C$300,$B$43),2)),"") | D43: =IFERROR(IF(ROUND(SUMIF(RESPOSTAS!$C$2:$C$300,$B$43,Auxiliar!E$1:E$300)/COUNTIF(RESPOSTAS!$C$2:$C$300,$B$43),2)=0,"",ROUND(SUMIF(RESPOSTAS!$C$2:$C$300,$B$43,Auxiliar!E$1:E$300)/COUNTIF(RESPOSTAS!$C$2:$C$300,$B$43),2)),"") | E43: =IFERROR(IF(ROUND(SUMIF(RESPOSTAS!$C$2:$C$300,$B$43,Auxiliar!F$1:F$300)/COUNTIF(RESPOSTAS!$C$2:$C$300,$B$43),2)=0,"",ROUND(SUMIF(RESPOSTAS!$C$2:$C$300,$B$43,Auxiliar!F$1:F$300)/COUNTIF(RESPOSTAS!$C$2:$C$300,$B$43),2)),"") | F43: =IFERROR(IF(ROUND(SUMIF(RESPOSTAS!$C$2:$C$300,$B$43,Auxiliar!G$1:G$300)/COUNTIF(RESPOSTAS!$C$2:$C$300,$B$43),2)=0,"",ROUND(SUMIF(RESPOSTAS!$C$2:$C$300,$B$43,Auxiliar!G$1:G$300)/COUNTIF(RESPOSTAS!$C$2:$C$300,$B$43),2)),"") | G43: =IFERROR(IF(ROUND(SUMIF(RESPOSTAS!$C$2:$C$300,$B$43,Auxiliar!H$1:H$300)/COUNTIF(RESPOSTAS!$C$2:$C$300,$B$43),2)=0,"",ROUND(SUMIF(RESPOSTAS!$C$2:$C$300,$B$43,Auxiliar!H$1:H$300)/COUNTIF(RESPOSTAS!$C$2:$C$300,$B$43),2)),"") | H43: =IFERROR(IF(ROUND(SUMIF(RESPOSTAS!$C$2:$C$300,$B$43,Auxiliar!I$1:I$300)/COUNTIF(RESPOSTAS!$C$2:$C$300,$B$43),2)=0,"",ROUND(SUMIF(RESPOSTAS!$C$2:$C$300,$B$43,Auxiliar!I$1:I$300)/COUNTIF(RESPOSTAS!$C$2:$C$300,$B$43),2)),"") | I43: =IFERROR(IF(ROUND(SUMIF(RESPOSTAS!$C$2:$C$300,$B$43,Auxiliar!J$1:J$300)/COUNTIF(RESPOSTAS!$C$2:$C$300,$B$43),2)=0,"",ROUND(SUMIF(RESPOSTAS!$C$2:$C$300,$B$43,Auxiliar!J$1:J$300)/COUNTIF(RESPOSTAS!$C$2:$C$300,$B$43),2)),"") | J43: =IFERROR(IF(ROUND(SUMIF(RESPOSTAS!$C$2:$C$300,$B$43,Auxiliar!K$1:K$300)/COUNTIF(RESPOSTAS!$C$2:$C$300,$B$43),2)=0,"",ROUND(SUMIF(RESPOSTAS!$C$2:$C$300,$B$43,Auxiliar!K$1:K$300)/COUNTIF(RESPOSTAS!$C$2:$C$300,$B$43),2)),"") | ... AQ43: =IFERROR(IF(ROUND(SUMIF(RESPOSTAS!$C$2:$C$300,$B$43,Auxiliar!AR$1:AR$300)/COUNTIF(RESPOSTAS!$C$2:$C$300,$B$43),2)=0,"",ROUND(SUMIF(RESPOSTAS!$C$2:$C$300,$B$43,Auxiliar!AR$1:AR$300)/COUNTIF(RESPOSTAS!$C$2:$C$300,$B$43),2)),"")
A44: =IFERROR(IF(ROUND(AVERAGE(C44:AQ44,COUNT(C44:AQ44)),2)=0,"",ROUND(AVERAGE(C44:AQ44,COUNT(C44:AQ44)),2)),"") | C44: =IFERROR(IF(ROUND(SUMIF(RESPOSTAS!$C$2:$C$300,$B$44,Auxiliar!D$1:D$300)/COUNTIF(RESPOSTAS!$C$2:$C$300,$B$44),2)=0,"",ROUND(SUMIF(RESPOSTAS!$C$2:$C$300,$B$44,Auxiliar!D$1:D$300)/COUNTIF(RESPOSTAS!$C$2:$C$300,$B$44),2)),"") | D44: =IFERROR(IF(ROUND(SUMIF(RESPOSTAS!$C$2:$C$300,$B$44,Auxiliar!E$1:E$300)/COUNTIF(RESPOSTAS!$C$2:$C$300,$B$44),2)=0,"",ROUND(SUMIF(RESPOSTAS!$C$2:$C$300,$B$44,Auxiliar!E$1:E$300)/COUNTIF(RESPOSTAS!$C$2:$C$300,$B$44),2)),"") | E44: =IFERROR(IF(ROUND(SUMIF(RESPOSTAS!$C$2:$C$300,$B$44,Auxiliar!F$1:F$300)/COUNTIF(RESPOSTAS!$C$2:$C$300,$B$44),2)=0,"",ROUND(SUMIF(RESPOSTAS!$C$2:$C$300,$B$44,Auxiliar!F$1:F$300)/COUNTIF(RESPOSTAS!$C$2:$C$300,$B$44),2)),"") | F44: =IFERROR(IF(ROUND(SUMIF(RESPOSTAS!$C$2:$C$300,$B$44,Auxiliar!G$1:G$300)/COUNTIF(RESPOSTAS!$C$2:$C$300,$B$44),2)=0,"",ROUND(SUMIF(RESPOSTAS!$C$2:$C$300,$B$44,Auxiliar!G$1:G$300)/COUNTIF(RESPOSTAS!$C$2:$C$300,$B$44),2)),"") | G44: =IFERROR(IF(ROUND(SUMIF(RESPOSTAS!$C$2:$C$300,$B$44,Auxiliar!H$1:H$300)/COUNTIF(RESPOSTAS!$C$2:$C$300,$B$44),2)=0,"",ROUND(SUMIF(RESPOSTAS!$C$2:$C$300,$B$44,Auxiliar!H$1:H$300)/COUNTIF(RESPOSTAS!$C$2:$C$300,$B$44),2)),"") | H44: =IFERROR(IF(ROUND(SUMIF(RESPOSTAS!$C$2:$C$300,$B$44,Auxiliar!I$1:I$300)/COUNTIF(RESPOSTAS!$C$2:$C$300,$B$44),2)=0,"",ROUND(SUMIF(RESPOSTAS!$C$2:$C$300,$B$44,Auxiliar!I$1:I$300)/COUNTIF(RESPOSTAS!$C$2:$C$300,$B$44),2)),"") | I44: =IFERROR(IF(ROUND(SUMIF(RESPOSTAS!$C$2:$C$300,$B$44,Auxiliar!J$1:J$300)/COUNTIF(RESPOSTAS!$C$2:$C$300,$B$44),2)=0,"",ROUND(SUMIF(RESPOSTAS!$C$2:$C$300,$B$44,Auxiliar!J$1:J$300)/COUNTIF(RESPOSTAS!$C$2:$C$300,$B$44),2)),"") | J44: =IFERROR(IF(ROUND(SUMIF(RESPOSTAS!$C$2:$C$300,$B$44,Auxiliar!K$1:K$300)/COUNTIF(RESPOSTAS!$C$2:$C$300,$B$44),2)=0,"",ROUND(SUMIF(RESPOSTAS!$C$2:$C$300,$B$44,Auxiliar!K$1:K$300)/COUNTIF(RESPOSTAS!$C$2:$C$300,$B$44),2)),"") | ... AQ44: =IFERROR(IF(ROUND(SUMIF(RESPOSTAS!$C$2:$C$300,$B$44,Auxiliar!AR$1:AR$300)/COUNTIF(RESPOSTAS!$C$2:$C$300,$B$44),2)=0,"",ROUND(SUMIF(RESPOSTAS!$C$2:$C$300,$B$44,Auxiliar!AR$1:AR$300)/COUNTIF(RESPOSTAS!$C$2:$C$300,$B$44),2)),"")
A45: =IFERROR(IF(ROUND(AVERAGE(C45:AQ45,COUNT(C45:AQ45)),2)=0,"",ROUND(AVERAGE(C45:AQ45,COUNT(C45:AQ45)),2)),"") | C45: =IFERROR(IF(ROUND(SUMIF(RESPOSTAS!$C$2:$C$300,$B$45,Auxiliar!D$1:D$300)/COUNTIF(RESPOSTAS!$C$2:$C$300,$B$45),2)=0,"",ROUND(SUMIF(RESPOSTAS!$C$2:$C$300,$B$45,Auxiliar!D$1:D$300)/COUNTIF(RESPOSTAS!$C$2:$C$300,$B$45),2)),"") | D45: =IFERROR(IF(ROUND(SUMIF(RESPOSTAS!$C$2:$C$300,$B$45,Auxiliar!E$1:E$300)/COUNTIF(RESPOSTAS!$C$2:$C$300,$B$45),2)=0,"",ROUND(SUMIF(RESPOSTAS!$C$2:$C$300,$B$45,Auxiliar!E$1:E$300)/COUNTIF(RESPOSTAS!$C$2:$C$300,$B$45),2)),"") | E45: =IFERROR(IF(ROUND(SUMIF(RESPOSTAS!$C$2:$C$300,$B$45,Auxiliar!F$1:F$300)/COUNTIF(RESPOSTAS!$C$2:$C$300,$B$45),2)=0,"",ROUND(SUMIF(RESPOSTAS!$C$2:$C$300,$B$45,Auxiliar!F$1:F$300)/COUNTIF(RESPOSTAS!$C$2:$C$300,$B$45),2)),"") | F45: =IFERROR(IF(ROUND(SUMIF(RESPOSTAS!$C$2:$C$300,$B$45,Auxiliar!G$1:G$300)/COUNTIF(RESPOSTAS!$C$2:$C$300,$B$45),2)=0,"",ROUND(SUMIF(RESPOSTAS!$C$2:$C$300,$B$45,Auxiliar!G$1:G$300)/COUNTIF(RESPOSTAS!$C$2:$C$300,$B$45),2)),"") | G45: =IFERROR(IF(ROUND(SUMIF(RESPOSTAS!$C$2:$C$300,$B$45,Auxiliar!H$1:H$300)/COUNTIF(RESPOSTAS!$C$2:$C$300,$B$45),2)=0,"",ROUND(SUMIF(RESPOSTAS!$C$2:$C$300,$B$45,Auxiliar!H$1:H$300)/COUNTIF(RESPOSTAS!$C$2:$C$300,$B$45),2)),"") | H45: =IFERROR(IF(ROUND(SUMIF(RESPOSTAS!$C$2:$C$300,$B$45,Auxiliar!I$1:I$300)/COUNTIF(RESPOSTAS!$C$2:$C$300,$B$45),2)=0,"",ROUND(SUMIF(RESPOSTAS!$C$2:$C$300,$B$45,Auxiliar!I$1:I$300)/COUNTIF(RESPOSTAS!$C$2:$C$300,$B$45),2)),"") | I45: =IFERROR(IF(ROUND(SUMIF(RESPOSTAS!$C$2:$C$300,$B$45,Auxiliar!J$1:J$300)/COUNTIF(RESPOSTAS!$C$2:$C$300,$B$45),2)=0,"",ROUND(SUMIF(RESPOSTAS!$C$2:$C$300,$B$45,Auxiliar!J$1:J$300)/COUNTIF(RESPOSTAS!$C$2:$C$300,$B$45),2)),"") | J45: =IFERROR(IF(ROUND(SUMIF(RESPOSTAS!$C$2:$C$300,$B$45,Auxiliar!K$1:K$300)/COUNTIF(RESPOSTAS!$C$2:$C$300,$B$45),2)=0,"",ROUND(SUMIF(RESPOSTAS!$C$2:$C$300,$B$45,Auxiliar!K$1:K$300)/COUNTIF(RESPOSTAS!$C$2:$C$300,$B$45),2)),"") | ... AQ45: =IFERROR(IF(ROUND(SUMIF(RESPOSTAS!$C$2:$C$300,$B$45,Auxiliar!AR$1:AR$300)/COUNTIF(RESPOSTAS!$C$2:$C$300,$B$45),2)=0,"",ROUND(SUMIF(RESPOSTAS!$C$2:$C$300,$B$45,Auxiliar!AR$1:AR$300)/COUNTIF(RESPOSTAS!$C$2:$C$300,$B$45),2)),"")
A46: =IFERROR(IF(ROUND(AVERAGE(C46:AQ46,COUNT(C46:AQ46)),2)=0,"",ROUND(AVERAGE(C46:AQ46,COUNT(C46:AQ46)),2)),"") | C46: =IFERROR(IF(ROUND(SUMIF(RESPOSTAS!$C$2:$C$300,$B$46,Auxiliar!D$1:D$300)/COUNTIF(RESPOSTAS!$C$2:$C$300,$B$46),2)=0,"",ROUND(SUMIF(RESPOSTAS!$C$2:$C$300,$B$46,Auxiliar!D$1:D$300)/COUNTIF(RESPOSTAS!$C$2:$C$300,$B$46),2)),"") | D46: =IFERROR(IF(ROUND(SUMIF(RESPOSTAS!$C$2:$C$300,$B$46,Auxiliar!E$1:E$300)/COUNTIF(RESPOSTAS!$C$2:$C$300,$B$46),2)=0,"",ROUND(SUMIF(RESPOSTAS!$C$2:$C$300,$B$46,Auxiliar!E$1:E$300)/COUNTIF(RESPOSTAS!$C$2:$C$300,$B$46),2)),"") | E46: =IFERROR(IF(ROUND(SUMIF(RESPOSTAS!$C$2:$C$300,$B$46,Auxiliar!F$1:F$300)/COUNTIF(RESPOSTAS!$C$2:$C$300,$B$46),2)=0,"",ROUND(SUMIF(RESPOSTAS!$C$2:$C$300,$B$46,Auxiliar!F$1:F$300)/COUNTIF(RESPOSTAS!$C$2:$C$300,$B$46),2)),"") | F46: =IFERROR(IF(ROUND(SUMIF(RESPOSTAS!$C$2:$C$300,$B$46,Auxiliar!G$1:G$300)/COUNTIF(RESPOSTAS!$C$2:$C$300,$B$46),2)=0,"",ROUND(SUMIF(RESPOSTAS!$C$2:$C$300,$B$46,Auxiliar!G$1:G$300)/COUNTIF(RESPOSTAS!$C$2:$C$300,$B$46),2)),"") | G46: =IFERROR(IF(ROUND(SUMIF(RESPOSTAS!$C$2:$C$300,$B$46,Auxiliar!H$1:H$300)/COUNTIF(RESPOSTAS!$C$2:$C$300,$B$46),2)=0,"",ROUND(SUMIF(RESPOSTAS!$C$2:$C$300,$B$46,Auxiliar!H$1:H$300)/COUNTIF(RESPOSTAS!$C$2:$C$300,$B$46),2)),"") | H46: =IFERROR(IF(ROUND(SUMIF(RESPOSTAS!$C$2:$C$300,$B$46,Auxiliar!I$1:I$300)/COUNTIF(RESPOSTAS!$C$2:$C$300,$B$46),2)=0,"",ROUND(SUMIF(RESPOSTAS!$C$2:$C$300,$B$46,Auxiliar!I$1:I$300)/COUNTIF(RESPOSTAS!$C$2:$C$300,$B$46),2)),"") | I46: =IFERROR(IF(ROUND(SUMIF(RESPOSTAS!$C$2:$C$300,$B$46,Auxiliar!J$1:J$300)/COUNTIF(RESPOSTAS!$C$2:$C$300,$B$46),2)=0,"",ROUND(SUMIF(RESPOSTAS!$C$2:$C$300,$B$46,Auxiliar!J$1:J$300)/COUNTIF(RESPOSTAS!$C$2:$C$300,$B$46),2)),"") | J46: =IFERROR(IF(ROUND(SUMIF(RESPOSTAS!$C$2:$C$300,$B$46,Auxiliar!K$1:K$300)/COUNTIF(RESPOSTAS!$C$2:$C$300,$B$46),2)=0,"",ROUND(SUMIF(RESPOSTAS!$C$2:$C$300,$B$46,Auxiliar!K$1:K$300)/COUNTIF(RESPOSTAS!$C$2:$C$300,$B$46),2)),"") | ... AQ46: =IFERROR(IF(ROUND(SUMIF(RESPOSTAS!$C$2:$C$300,$B$46,Auxiliar!AR$1:AR$300)/COUNTIF(RESPOSTAS!$C$2:$C$300,$B$46),2)=0,"",ROUND(SUMIF(RESPOSTAS!$C$2:$C$300,$B$46,Auxiliar!AR$1:AR$300)/COUNTIF(RESPOSTAS!$C$2:$C$300,$B$46),2)),"")
A47: =IFERROR(IF(ROUND(AVERAGE(C47:AQ47,COUNT(C47:AQ47)),2)=0,"",ROUND(AVERAGE(C47:AQ47,COUNT(C47:AQ47)),2)),"") | C47: =IFERROR(IF(ROUND(SUMIF(RESPOSTAS!$C$2:$C$300,$B$47,Auxiliar!D$1:D$300)/COUNTIF(RESPOSTAS!$C$2:$C$300,$B$47),2)=0,"",ROUND(SUMIF(RESPOSTAS!$C$2:$C$300,$B$47,Auxiliar!D$1:D$300)/COUNTIF(RESPOSTAS!$C$2:$C$300,$B$47),2)),"") | D47: =IFERROR(IF(ROUND(SUMIF(RESPOSTAS!$C$2:$C$300,$B$47,Auxiliar!E$1:E$300)/COUNTIF(RESPOSTAS!$C$2:$C$300,$B$47),2)=0,"",ROUND(SUMIF(RESPOSTAS!$C$2:$C$300,$B$47,Auxiliar!E$1:E$300)/COUNTIF(RESPOSTAS!$C$2:$C$300,$B$47),2)),"") | E47: =IFERROR(IF(ROUND(SUMIF(RESPOSTAS!$C$2:$C$300,$B$47,Auxiliar!F$1:F$300)/COUNTIF(RESPOSTAS!$C$2:$C$300,$B$47),2)=0,"",ROUND(SUMIF(RESPOSTAS!$C$2:$C$300,$B$47,Auxiliar!F$1:F$300)/COUNTIF(RESPOSTAS!$C$2:$C$300,$B$47),2)),"") | F47: =IFERROR(IF(ROUND(SUMIF(RESPOSTAS!$C$2:$C$300,$B$47,Auxiliar!G$1:G$300)/COUNTIF(RESPOSTAS!$C$2:$C$300,$B$47),2)=0,"",ROUND(SUMIF(RESPOSTAS!$C$2:$C$300,$B$47,Auxiliar!G$1:G$300)/COUNTIF(RESPOSTAS!$C$2:$C$300,$B$47),2)),"") | G47: =IFERROR(IF(ROUND(SUMIF(RESPOSTAS!$C$2:$C$300,$B$47,Auxiliar!H$1:H$300)/COUNTIF(RESPOSTAS!$C$2:$C$300,$B$47),2)=0,"",ROUND(SUMIF(RESPOSTAS!$C$2:$C$300,$B$47,Auxiliar!H$1:H$300)/COUNTIF(RESPOSTAS!$C$2:$C$300,$B$47),2)),"") | H47: =IFERROR(IF(ROUND(SUMIF(RESPOSTAS!$C$2:$C$300,$B$47,Auxiliar!I$1:I$300)/COUNTIF(RESPOSTAS!$C$2:$C$300,$B$47),2)=0,"",ROUND(SUMIF(RESPOSTAS!$C$2:$C$300,$B$47,Auxiliar!I$1:I$300)/COUNTIF(RESPOSTAS!$C$2:$C$300,$B$47),2)),"") | I47: =IFERROR(IF(ROUND(SUMIF(RESPOSTAS!$C$2:$C$300,$B$47,Auxiliar!J$1:J$300)/COUNTIF(RESPOSTAS!$C$2:$C$300,$B$47),2)=0,"",ROUND(SUMIF(RESPOSTAS!$C$2:$C$300,$B$47,Auxiliar!J$1:J$300)/COUNTIF(RESPOSTAS!$C$2:$C$300,$B$47),2)),"") | J47: =IFERROR(IF(ROUND(SUMIF(RESPOSTAS!$C$2:$C$300,$B$47,Auxiliar!K$1:K$300)/COUNTIF(RESPOSTAS!$C$2:$C$300,$B$47),2)=0,"",ROUND(SUMIF(RESPOSTAS!$C$2:$C$300,$B$47,Auxiliar!K$1:K$300)/COUNTIF(RESPOSTAS!$C$2:$C$300,$B$47),2)),"") | ... AQ47: =IFERROR(IF(ROUND(SUMIF(RESPOSTAS!$C$2:$C$300,$B$47,Auxiliar!AR$1:AR$300)/COUNTIF(RESPOSTAS!$C$2:$C$300,$B$47),2)=0,"",ROUND(SUMIF(RESPOSTAS!$C$2:$C$300,$B$47,Auxiliar!AR$1:AR$300)/COUNTIF(RESPOSTAS!$C$2:$C$300,$B$47),2)),"")
A48: =IFERROR(IF(ROUND(AVERAGE(C48:AQ48,COUNT(C48:AQ48)),2)=0,"",ROUND(AVERAGE(C48:AQ48,COUNT(C48:AQ48)),2)),"") | C48: =IFERROR(IF(ROUND(SUMIF(RESPOSTAS!$C$2:$C$300,$B$48,Auxiliar!D$1:D$300)/COUNTIF(RESPOSTAS!$C$2:$C$300,$B$48),2)=0,"",ROUND(SUMIF(RESPOSTAS!$C$2:$C$300,$B$48,Auxiliar!D$1:D$300)/COUNTIF(RESPOSTAS!$C$2:$C$300,$B$48),2)),"") | D48: =IFERROR(IF(ROUND(SUMIF(RESPOSTAS!$C$2:$C$300,$B$48,Auxiliar!E$1:E$300)/COUNTIF(RESPOSTAS!$C$2:$C$300,$B$48),2)=0,"",ROUND(SUMIF(RESPOSTAS!$C$2:$C$300,$B$48,Auxiliar!E$1:E$300)/COUNTIF(RESPOSTAS!$C$2:$C$300,$B$48),2)),"") | E48: =IFERROR(IF(ROUND(SUMIF(RESPOSTAS!$C$2:$C$300,$B$48,Auxiliar!F$1:F$300)/COUNTIF(RESPOSTAS!$C$2:$C$300,$B$48),2)=0,"",ROUND(SUMIF(RESPOSTAS!$C$2:$C$300,$B$48,Auxiliar!F$1:F$300)/COUNTIF(RESPOSTAS!$C$2:$C$300,$B$48),2)),"") | F48: =IFERROR(IF(ROUND(SUMIF(RESPOSTAS!$C$2:$C$300,$B$48,Auxiliar!G$1:G$300)/COUNTIF(RESPOSTAS!$C$2:$C$300,$B$48),2)=0,"",ROUND(SUMIF(RESPOSTAS!$C$2:$C$300,$B$48,Auxiliar!G$1:G$300)/COUNTIF(RESPOSTAS!$C$2:$C$300,$B$48),2)),"") | G48: =IFERROR(IF(ROUND(SUMIF(RESPOSTAS!$C$2:$C$300,$B$48,Auxiliar!H$1:H$300)/COUNTIF(RESPOSTAS!$C$2:$C$300,$B$48),2)=0,"",ROUND(SUMIF(RESPOSTAS!$C$2:$C$300,$B$48,Auxiliar!H$1:H$300)/COUNTIF(RESPOSTAS!$C$2:$C$300,$B$48),2)),"") | H48: =IFERROR(IF(ROUND(SUMIF(RESPOSTAS!$C$2:$C$300,$B$48,Auxiliar!I$1:I$300)/COUNTIF(RESPOSTAS!$C$2:$C$300,$B$48),2)=0,"",ROUND(SUMIF(RESPOSTAS!$C$2:$C$300,$B$48,Auxiliar!I$1:I$300)/COUNTIF(RESPOSTAS!$C$2:$C$300,$B$48),2)),"") | I48: =IFERROR(IF(ROUND(SUMIF(RESPOSTAS!$C$2:$C$300,$B$48,Auxiliar!J$1:J$300)/COUNTIF(RESPOSTAS!$C$2:$C$300,$B$48),2)=0,"",ROUND(SUMIF(RESPOSTAS!$C$2:$C$300,$B$48,Auxiliar!J$1:J$300)/COUNTIF(RESPOSTAS!$C$2:$C$300,$B$48),2)),"") | J48: =IFERROR(IF(ROUND(SUMIF(RESPOSTAS!$C$2:$C$300,$B$48,Auxiliar!K$1:K$300)/COUNTIF(RESPOSTAS!$C$2:$C$300,$B$48),2)=0,"",ROUND(SUMIF(RESPOSTAS!$C$2:$C$300,$B$48,Auxiliar!K$1:K$300)/COUNTIF(RESPOSTAS!$C$2:$C$300,$B$48),2)),"") | ... AQ48: =IFERROR(IF(ROUND(SUMIF(RESPOSTAS!$C$2:$C$300,$B$48,Auxiliar!AR$1:AR$300)/COUNTIF(RESPOSTAS!$C$2:$C$300,$B$48),2)=0,"",ROUND(SUMIF(RESPOSTAS!$C$2:$C$300,$B$48,Auxiliar!AR$1:AR$300)/COUNTIF(RESPOSTAS!$C$2:$C$300,$B$48),2)),"")
A49: =IFERROR(IF(ROUND(AVERAGE(C49:AQ49,COUNT(C49:AQ49)),2)=0,"",ROUND(AVERAGE(C49:AQ49,COUNT(C49:AQ49)),2)),"") | C49: =IFERROR(IF(ROUND(SUMIF(RESPOSTAS!$C$2:$C$300,$B$49,Auxiliar!D$1:D$300)/COUNTIF(RESPOSTAS!$C$2:$C$300,$B$49),2)=0,"",ROUND(SUMIF(RESPOSTAS!$C$2:$C$300,$B$49,Auxiliar!D$1:D$300)/COUNTIF(RESPOSTAS!$C$2:$C$300,$B$49),2)),"") | D49: =IFERROR(IF(ROUND(SUMIF(RESPOSTAS!$C$2:$C$300,$B$49,Auxiliar!E$1:E$300)/COUNTIF(RESPOSTAS!$C$2:$C$300,$B$49),2)=0,"",ROUND(SUMIF(RESPOSTAS!$C$2:$C$300,$B$49,Auxiliar!E$1:E$300)/COUNTIF(RESPOSTAS!$C$2:$C$300,$B$49),2)),"") | E49: =IFERROR(IF(ROUND(SUMIF(RESPOSTAS!$C$2:$C$300,$B$49,Auxiliar!F$1:F$300)/COUNTIF(RESPOSTAS!$C$2:$C$300,$B$49),2)=0,"",ROUND(SUMIF(RESPOSTAS!$C$2:$C$300,$B$49,Auxiliar!F$1:F$300)/COUNTIF(RESPOSTAS!$C$2:$C$300,$B$49),2)),"") | F49: =IFERROR(IF(ROUND(SUMIF(RESPOSTAS!$C$2:$C$300,$B$49,Auxiliar!G$1:G$300)/COUNTIF(RESPOSTAS!$C$2:$C$300,$B$49),2)=0,"",ROUND(SUMIF(RESPOSTAS!$C$2:$C$300,$B$49,Auxiliar!G$1:G$300)/COUNTIF(RESPOSTAS!$C$2:$C$300,$B$49),2)),"") | G49: =IFERROR(IF(ROUND(SUMIF(RESPOSTAS!$C$2:$C$300,$B$49,Auxiliar!H$1:H$300)/COUNTIF(RESPOSTAS!$C$2:$C$300,$B$49),2)=0,"",ROUND(SUMIF(RESPOSTAS!$C$2:$C$300,$B$49,Auxiliar!H$1:H$300)/COUNTIF(RESPOSTAS!$C$2:$C$300,$B$49),2)),"") | H49: =IFERROR(IF(ROUND(SUMIF(RESPOSTAS!$C$2:$C$300,$B$49,Auxiliar!I$1:I$300)/COUNTIF(RESPOSTAS!$C$2:$C$300,$B$49),2)=0,"",ROUND(SUMIF(RESPOSTAS!$C$2:$C$300,$B$49,Auxiliar!I$1:I$300)/COUNTIF(RESPOSTAS!$C$2:$C$300,$B$49),2)),"") | I49: =IFERROR(IF(ROUND(SUMIF(RESPOSTAS!$C$2:$C$300,$B$49,Auxiliar!J$1:J$300)/COUNTIF(RESPOSTAS!$C$2:$C$300,$B$49),2)=0,"",ROUND(SUMIF(RESPOSTAS!$C$2:$C$300,$B$49,Auxiliar!J$1:J$300)/COUNTIF(RESPOSTAS!$C$2:$C$300,$B$49),2)),"") | J49: =IFERROR(IF(ROUND(SUMIF(RESPOSTAS!$C$2:$C$300,$B$49,Auxiliar!K$1:K$300)/COUNTIF(RESPOSTAS!$C$2:$C$300,$B$49),2)=0,"",ROUND(SUMIF(RESPOSTAS!$C$2:$C$300,$B$49,Auxiliar!K$1:K$300)/COUNTIF(RESPOSTAS!$C$2:$C$300,$B$49),2)),"") | ... AQ49: =IFERROR(IF(ROUND(SUMIF(RESPOSTAS!$C$2:$C$300,$B$49,Auxiliar!AR$1:AR$300)/COUNTIF(RESPOSTAS!$C$2:$C$300,$B$49),2)=0,"",ROUND(SUMIF(RESPOSTAS!$C$2:$C$300,$B$49,Auxiliar!AR$1:AR$300)/COUNTIF(RESPOSTAS!$C$2:$C$300,$B$49),2)),"")
A50: =IFERROR(IF(ROUND(AVERAGE(C50:AQ50,COUNT(C50:AQ50)),2)=0,"",ROUND(AVERAGE(C50:AQ50,COUNT(C50:AQ50)),2)),"") | C50: =IFERROR(IF(ROUND(SUMIF(RESPOSTAS!$C$2:$C$300,$B$50,Auxiliar!D$1:D$300)/COUNTIF(RESPOSTAS!$C$2:$C$300,$B$50),2)=0,"",ROUND(SUMIF(RESPOSTAS!$C$2:$C$300,$B$50,Auxiliar!D$1:D$300)/COUNTIF(RESPOSTAS!$C$2:$C$300,$B$50),2)),"") | D50: =IFERROR(IF(ROUND(SUMIF(RESPOSTAS!$C$2:$C$300,$B$50,Auxiliar!E$1:E$300)/COUNTIF(RESPOSTAS!$C$2:$C$300,$B$50),2)=0,"",ROUND(SUMIF(RESPOSTAS!$C$2:$C$300,$B$50,Auxiliar!E$1:E$300)/COUNTIF(RESPOSTAS!$C$2:$C$300,$B$50),2)),"") | E50: =IFERROR(IF(ROUND(SUMIF(RESPOSTAS!$C$2:$C$300,$B$50,Auxiliar!F$1:F$300)/COUNTIF(RESPOSTAS!$C$2:$C$300,$B$50),2)=0,"",ROUND(SUMIF(RESPOSTAS!$C$2:$C$300,$B$50,Auxiliar!F$1:F$300)/COUNTIF(RESPOSTAS!$C$2:$C$300,$B$50),2)),"") | F50: =IFERROR(IF(ROUND(SUMIF(RESPOSTAS!$C$2:$C$300,$B$50,Auxiliar!G$1:G$300)/COUNTIF(RESPOSTAS!$C$2:$C$300,$B$50),2)=0,"",ROUND(SUMIF(RESPOSTAS!$C$2:$C$300,$B$50,Auxiliar!G$1:G$300)/COUNTIF(RESPOSTAS!$C$2:$C$300,$B$50),2)),"") | G50: =IFERROR(IF(ROUND(SUMIF(RESPOSTAS!$C$2:$C$300,$B$50,Auxiliar!H$1:H$300)/COUNTIF(RESPOSTAS!$C$2:$C$300,$B$50),2)=0,"",ROUND(SUMIF(RESPOSTAS!$C$2:$C$300,$B$50,Auxiliar!H$1:H$300)/COUNTIF(RESPOSTAS!$C$2:$C$300,$B$50),2)),"") | H50: =IFERROR(IF(ROUND(SUMIF(RESPOSTAS!$C$2:$C$300,$B$50,Auxiliar!I$1:I$300)/COUNTIF(RESPOSTAS!$C$2:$C$300,$B$50),2)=0,"",ROUND(SUMIF(RESPOSTAS!$C$2:$C$300,$B$50,Auxiliar!I$1:I$300)/COUNTIF(RESPOSTAS!$C$2:$C$300,$B$50),2)),"") | I50: =IFERROR(IF(ROUND(SUMIF(RESPOSTAS!$C$2:$C$300,$B$50,Auxiliar!J$1:J$300)/COUNTIF(RESPOSTAS!$C$2:$C$300,$B$50),2)=0,"",ROUND(SUMIF(RESPOSTAS!$C$2:$C$300,$B$50,Auxiliar!J$1:J$300)/COUNTIF(RESPOSTAS!$C$2:$C$300,$B$50),2)),"") | J50: =IFERROR(IF(ROUND(SUMIF(RESPOSTAS!$C$2:$C$300,$B$50,Auxiliar!K$1:K$300)/COUNTIF(RESPOSTAS!$C$2:$C$300,$B$50),2)=0,"",ROUND(SUMIF(RESPOSTAS!$C$2:$C$300,$B$50,Auxiliar!K$1:K$300)/COUNTIF(RESPOSTAS!$C$2:$C$300,$B$50),2)),"") | ... AQ50: =IFERROR(IF(ROUND(SUMIF(RESPOSTAS!$C$2:$C$300,$B$50,Auxiliar!AR$1:AR$300)/COUNTIF(RESPOSTAS!$C$2:$C$300,$B$50),2)=0,"",ROUND(SUMIF(RESPOSTAS!$C$2:$C$300,$B$50,Auxiliar!AR$1:AR$300)/COUNTIF(RESPOSTAS!$C$2:$C$300,$B$50),2)),"")
A51: =IFERROR(IF(ROUND(AVERAGE(C51:AQ51,COUNT(C51:AQ51)),2)=0,"",ROUND(AVERAGE(C51:AQ51,COUNT(C51:AQ51)),2)),"") | C51: =IFERROR(IF(ROUND(SUMIF(RESPOSTAS!$C$2:$C$300,$B$51,Auxiliar!D$1:D$300)/COUNTIF(RESPOSTAS!$C$2:$C$300,$B$51),2)=0,"",ROUND(SUMIF(RESPOSTAS!$C$2:$C$300,$B$51,Auxiliar!D$1:D$300)/COUNTIF(RESPOSTAS!$C$2:$C$300,$B$51),2)),"") | D51: =IFERROR(IF(ROUND(SUMIF(RESPOSTAS!$C$2:$C$300,$B$51,Auxiliar!E$1:E$300)/COUNTIF(RESPOSTAS!$C$2:$C$300,$B$51),2)=0,"",ROUND(SUMIF(RESPOSTAS!$C$2:$C$300,$B$51,Auxiliar!E$1:E$300)/COUNTIF(RESPOSTAS!$C$2:$C$300,$B$51),2)),"") | E51: =IFERROR(IF(ROUND(SUMIF(RESPOSTAS!$C$2:$C$300,$B$51,Auxiliar!F$1:F$300)/COUNTIF(RESPOSTAS!$C$2:$C$300,$B$51),2)=0,"",ROUND(SUMIF(RESPOSTAS!$C$2:$C$300,$B$51,Auxiliar!F$1:F$300)/COUNTIF(RESPOSTAS!$C$2:$C$300,$B$51),2)),"") | F51: =IFERROR(IF(ROUND(SUMIF(RESPOSTAS!$C$2:$C$300,$B$51,Auxiliar!G$1:G$300)/COUNTIF(RESPOSTAS!$C$2:$C$300,$B$51),2)=0,"",ROUND(SUMIF(RESPOSTAS!$C$2:$C$300,$B$51,Auxiliar!G$1:G$300)/COUNTIF(RESPOSTAS!$C$2:$C$300,$B$51),2)),"") | G51: =IFERROR(IF(ROUND(SUMIF(RESPOSTAS!$C$2:$C$300,$B$51,Auxiliar!H$1:H$300)/COUNTIF(RESPOSTAS!$C$2:$C$300,$B$51),2)=0,"",ROUND(SUMIF(RESPOSTAS!$C$2:$C$300,$B$51,Auxiliar!H$1:H$300)/COUNTIF(RESPOSTAS!$C$2:$C$300,$B$51),2)),"") | H51: =IFERROR(IF(ROUND(SUMIF(RESPOSTAS!$C$2:$C$300,$B$51,Auxiliar!I$1:I$300)/COUNTIF(RESPOSTAS!$C$2:$C$300,$B$51),2)=0,"",ROUND(SUMIF(RESPOSTAS!$C$2:$C$300,$B$51,Auxiliar!I$1:I$300)/COUNTIF(RESPOSTAS!$C$2:$C$300,$B$51),2)),"") | I51: =IFERROR(IF(ROUND(SUMIF(RESPOSTAS!$C$2:$C$300,$B$51,Auxiliar!J$1:J$300)/COUNTIF(RESPOSTAS!$C$2:$C$300,$B$51),2)=0,"",ROUND(SUMIF(RESPOSTAS!$C$2:$C$300,$B$51,Auxiliar!J$1:J$300)/COUNTIF(RESPOSTAS!$C$2:$C$300,$B$51),2)),"") | J51: =IFERROR(IF(ROUND(SUMIF(RESPOSTAS!$C$2:$C$300,$B$51,Auxiliar!K$1:K$300)/COUNTIF(RESPOSTAS!$C$2:$C$300,$B$51),2)=0,"",ROUND(SUMIF(RESPOSTAS!$C$2:$C$300,$B$51,Auxiliar!K$1:K$300)/COUNTIF(RESPOSTAS!$C$2:$C$300,$B$51),2)),"") | ... AQ51: =IFERROR(IF(ROUND(SUMIF(RESPOSTAS!$C$2:$C$300,$B$51,Auxiliar!AR$1:AR$300)/COUNTIF(RESPOSTAS!$C$2:$C$300,$B$51),2)=0,"",ROUND(SUMIF(RESPOSTAS!$C$2:$C$300,$B$51,Auxiliar!AR$1:AR$300)/COUNTIF(RESPOSTAS!$C$2:$C$300,$B$51),2)),"")
A52: =IFERROR(IF(ROUND(AVERAGE(C52:AQ52,COUNT(C52:AQ52)),2)=0,"",ROUND(AVERAGE(C52:AQ52,COUNT(C52:AQ52)),2)),"") | C52: =IFERROR(IF(ROUND(SUMIF(RESPOSTAS!$C$2:$C$300,$B$52,Auxiliar!D$1:D$300)/COUNTIF(RESPOSTAS!$C$2:$C$300,$B$52),2)=0,"",ROUND(SUMIF(RESPOSTAS!$C$2:$C$300,$B$52,Auxiliar!D$1:D$300)/COUNTIF(RESPOSTAS!$C$2:$C$300,$B$52),2)),"") | D52: =IFERROR(IF(ROUND(SUMIF(RESPOSTAS!$C$2:$C$300,$B$52,Auxiliar!E$1:E$300)/COUNTIF(RESPOSTAS!$C$2:$C$300,$B$52),2)=0,"",ROUND(SUMIF(RESPOSTAS!$C$2:$C$300,$B$52,Auxiliar!E$1:E$300)/COUNTIF(RESPOSTAS!$C$2:$C$300,$B$52),2)),"") | E52: =IFERROR(IF(ROUND(SUMIF(RESPOSTAS!$C$2:$C$300,$B$52,Auxiliar!F$1:F$300)/COUNTIF(RESPOSTAS!$C$2:$C$300,$B$52),2)=0,"",ROUND(SUMIF(RESPOSTAS!$C$2:$C$300,$B$52,Auxiliar!F$1:F$300)/COUNTIF(RESPOSTAS!$C$2:$C$300,$B$52),2)),"") | F52: =IFERROR(IF(ROUND(SUMIF(RESPOSTAS!$C$2:$C$300,$B$52,Auxiliar!G$1:G$300)/COUNTIF(RESPOSTAS!$C$2:$C$300,$B$52),2)=0,"",ROUND(SUMIF(RESPOSTAS!$C$2:$C$300,$B$52,Auxiliar!G$1:G$300)/COUNTIF(RESPOSTAS!$C$2:$C$300,$B$52),2)),"") | G52: =IFERROR(IF(ROUND(SUMIF(RESPOSTAS!$C$2:$C$300,$B$52,Auxiliar!H$1:H$300)/COUNTIF(RESPOSTAS!$C$2:$C$300,$B$52),2)=0,"",ROUND(SUMIF(RESPOSTAS!$C$2:$C$300,$B$52,Auxiliar!H$1:H$300)/COUNTIF(RESPOSTAS!$C$2:$C$300,$B$52),2)),"") | H52: =IFERROR(IF(ROUND(SUMIF(RESPOSTAS!$C$2:$C$300,$B$52,Auxiliar!I$1:I$300)/COUNTIF(RESPOSTAS!$C$2:$C$300,$B$52),2)=0,"",ROUND(SUMIF(RESPOSTAS!$C$2:$C$300,$B$52,Auxiliar!I$1:I$300)/COUNTIF(RESPOSTAS!$C$2:$C$300,$B$52),2)),"") | I52: =IFERROR(IF(ROUND(SUMIF(RESPOSTAS!$C$2:$C$300,$B$52,Auxiliar!J$1:J$300)/COUNTIF(RESPOSTAS!$C$2:$C$300,$B$52),2)=0,"",ROUND(SUMIF(RESPOSTAS!$C$2:$C$300,$B$52,Auxiliar!J$1:J$300)/COUNTIF(RESPOSTAS!$C$2:$C$300,$B$52),2)),"") | J52: =IFERROR(IF(ROUND(SUMIF(RESPOSTAS!$C$2:$C$300,$B$52,Auxiliar!K$1:K$300)/COUNTIF(RESPOSTAS!$C$2:$C$300,$B$52),2)=0,"",ROUND(SUMIF(RESPOSTAS!$C$2:$C$300,$B$52,Auxiliar!K$1:K$300)/COUNTIF(RESPOSTAS!$C$2:$C$300,$B$52),2)),"") | ... AQ52: =IFERROR(IF(ROUND(SUMIF(RESPOSTAS!$C$2:$C$300,$B$52,Auxiliar!AR$1:AR$300)/COUNTIF(RESPOSTAS!$C$2:$C$300,$B$52),2)=0,"",ROUND(SUMIF(RESPOSTAS!$C$2:$C$300,$B$52,Auxiliar!AR$1:AR$300)/COUNTIF(RESPOSTAS!$C$2:$C$300,$B$52),2)),"")
A53: =IFERROR(IF(ROUND(AVERAGE(C53:AQ53,COUNT(C53:AQ53)),2)=0,"",ROUND(AVERAGE(C53:AQ53,COUNT(C53:AQ53)),2)),"") | C53: =IFERROR(IF(ROUND(SUMIF(RESPOSTAS!$C$2:$C$300,$B$53,Auxiliar!D$1:D$300)/COUNTIF(RESPOSTAS!$C$2:$C$300,$B$53),2)=0,"",ROUND(SUMIF(RESPOSTAS!$C$2:$C$300,$B$53,Auxiliar!D$1:D$300)/COUNTIF(RESPOSTAS!$C$2:$C$300,$B$53),2)),"") | D53: =IFERROR(IF(ROUND(SUMIF(RESPOSTAS!$C$2:$C$300,$B$53,Auxiliar!E$1:E$300)/COUNTIF(RESPOSTAS!$C$2:$C$300,$B$53),2)=0,"",ROUND(SUMIF(RESPOSTAS!$C$2:$C$300,$B$53,Auxiliar!E$1:E$300)/COUNTIF(RESPOSTAS!$C$2:$C$300,$B$53),2)),"") | E53: =IFERROR(IF(ROUND(SUMIF(RESPOSTAS!$C$2:$C$300,$B$53,Auxiliar!F$1:F$300)/COUNTIF(RESPOSTAS!$C$2:$C$300,$B$53),2)=0,"",ROUND(SUMIF(RESPOSTAS!$C$2:$C$300,$B$53,Auxiliar!F$1:F$300)/COUNTIF(RESPOSTAS!$C$2:$C$300,$B$53),2)),"") | F53: =IFERROR(IF(ROUND(SUMIF(RESPOSTAS!$C$2:$C$300,$B$53,Auxiliar!G$1:G$300)/COUNTIF(RESPOSTAS!$C$2:$C$300,$B$53),2)=0,"",ROUND(SUMIF(RESPOSTAS!$C$2:$C$300,$B$53,Auxiliar!G$1:G$300)/COUNTIF(RESPOSTAS!$C$2:$C$300,$B$53),2)),"") | G53: =IFERROR(IF(ROUND(SUMIF(RESPOSTAS!$C$2:$C$300,$B$53,Auxiliar!H$1:H$300)/COUNTIF(RESPOSTAS!$C$2:$C$300,$B$53),2)=0,"",ROUND(SUMIF(RESPOSTAS!$C$2:$C$300,$B$53,Auxiliar!H$1:H$300)/COUNTIF(RESPOSTAS!$C$2:$C$300,$B$53),2)),"") | H53: =IFERROR(IF(ROUND(SUMIF(RESPOSTAS!$C$2:$C$300,$B$53,Auxiliar!I$1:I$300)/COUNTIF(RESPOSTAS!$C$2:$C$300,$B$53),2)=0,"",ROUND(SUMIF(RESPOSTAS!$C$2:$C$300,$B$53,Auxiliar!I$1:I$300)/COUNTIF(RESPOSTAS!$C$2:$C$300,$B$53),2)),"") | I53: =IFERROR(IF(ROUND(SUMIF(RESPOSTAS!$C$2:$C$300,$B$53,Auxiliar!J$1:J$300)/COUNTIF(RESPOSTAS!$C$2:$C$300,$B$53),2)=0,"",ROUND(SUMIF(RESPOSTAS!$C$2:$C$300,$B$53,Auxiliar!J$1:J$300)/COUNTIF(RESPOSTAS!$C$2:$C$300,$B$53),2)),"") | J53: =IFERROR(IF(ROUND(SUMIF(RESPOSTAS!$C$2:$C$300,$B$53,Auxiliar!K$1:K$300)/COUNTIF(RESPOSTAS!$C$2:$C$300,$B$53),2)=0,"",ROUND(SUMIF(RESPOSTAS!$C$2:$C$300,$B$53,Auxiliar!K$1:K$300)/COUNTIF(RESPOSTAS!$C$2:$C$300,$B$53),2)),"") | ... AQ53: =IFERROR(IF(ROUND(SUMIF(RESPOSTAS!$C$2:$C$300,$B$53,Auxiliar!AR$1:AR$300)/COUNTIF(RESPOSTAS!$C$2:$C$300,$B$53),2)=0,"",ROUND(SUMIF(RESPOSTAS!$C$2:$C$300,$B$53,Auxiliar!AR$1:AR$300)/COUNTIF(RESPOSTAS!$C$2:$C$300,$B$53),2)),"")
A54: =IFERROR(IF(ROUND(AVERAGE(C54:AQ54,COUNT(C54:AQ54)),2)=0,"",ROUND(AVERAGE(C54:AQ54,COUNT(C54:AQ54)),2)),"") | C54: =IFERROR(IF(ROUND(SUMIF(RESPOSTAS!$C$2:$C$300,$B$54,Auxiliar!D$1:D$300)/COUNTIF(RESPOSTAS!$C$2:$C$300,$B$54),2)=0,"",ROUND(SUMIF(RESPOSTAS!$C$2:$C$300,$B$54,Auxiliar!D$1:D$300)/COUNTIF(RESPOSTAS!$C$2:$C$300,$B$54),2)),"") | D54: =IFERROR(IF(ROUND(SUMIF(RESPOSTAS!$C$2:$C$300,$B$54,Auxiliar!E$1:E$300)/COUNTIF(RESPOSTAS!$C$2:$C$300,$B$54),2)=0,"",ROUND(SUMIF(RESPOSTAS!$C$2:$C$300,$B$54,Auxiliar!E$1:E$300)/COUNTIF(RESPOSTAS!$C$2:$C$300,$B$54),2)),"") | E54: =IFERROR(IF(ROUND(SUMIF(RESPOSTAS!$C$2:$C$300,$B$54,Auxiliar!F$1:F$300)/COUNTIF(RESPOSTAS!$C$2:$C$300,$B$54),2)=0,"",ROUND(SUMIF(RESPOSTAS!$C$2:$C$300,$B$54,Auxiliar!F$1:F$300)/COUNTIF(RESPOSTAS!$C$2:$C$300,$B$54),2)),"") | F54: =IFERROR(IF(ROUND(SUMIF(RESPOSTAS!$C$2:$C$300,$B$54,Auxiliar!G$1:G$300)/COUNTIF(RESPOSTAS!$C$2:$C$300,$B$54),2)=0,"",ROUND(SUMIF(RESPOSTAS!$C$2:$C$300,$B$54,Auxiliar!G$1:G$300)/COUNTIF(RESPOSTAS!$C$2:$C$300,$B$54),2)),"") | G54: =IFERROR(IF(ROUND(SUMIF(RESPOSTAS!$C$2:$C$300,$B$54,Auxiliar!H$1:H$300)/COUNTIF(RESPOSTAS!$C$2:$C$300,$B$54),2)=0,"",ROUND(SUMIF(RESPOSTAS!$C$2:$C$300,$B$54,Auxiliar!H$1:H$300)/COUNTIF(RESPOSTAS!$C$2:$C$300,$B$54),2)),"") | H54: =IFERROR(IF(ROUND(SUMIF(RESPOSTAS!$C$2:$C$300,$B$54,Auxiliar!I$1:I$300)/COUNTIF(RESPOSTAS!$C$2:$C$300,$B$54),2)=0,"",ROUND(SUMIF(RESPOSTAS!$C$2:$C$300,$B$54,Auxiliar!I$1:I$300)/COUNTIF(RESPOSTAS!$C$2:$C$300,$B$54),2)),"") | I54: =IFERROR(IF(ROUND(SUMIF(RESPOSTAS!$C$2:$C$300,$B$54,Auxiliar!J$1:J$300)/COUNTIF(RESPOSTAS!$C$2:$C$300,$B$54),2)=0,"",ROUND(SUMIF(RESPOSTAS!$C$2:$C$300,$B$54,Auxiliar!J$1:J$300)/COUNTIF(RESPOSTAS!$C$2:$C$300,$B$54),2)),"") | J54: =IFERROR(IF(ROUND(SUMIF(RESPOSTAS!$C$2:$C$300,$B$54,Auxiliar!K$1:K$300)/COUNTIF(RESPOSTAS!$C$2:$C$300,$B$54),2)=0,"",ROUND(SUMIF(RESPOSTAS!$C$2:$C$300,$B$54,Auxiliar!K$1:K$300)/COUNTIF(RESPOSTAS!$C$2:$C$300,$B$54),2)),"") | ... AQ54: =IFERROR(IF(ROUND(SUMIF(RESPOSTAS!$C$2:$C$300,$B$54,Auxiliar!AR$1:AR$300)/COUNTIF(RESPOSTAS!$C$2:$C$300,$B$54),2)=0,"",ROUND(SUMIF(RESPOSTAS!$C$2:$C$300,$B$54,Auxiliar!AR$1:AR$300)/COUNTIF(RESPOSTAS!$C$2:$C$300,$B$54),2)),"")
A55: =IFERROR(IF(ROUND(AVERAGE(C55:AQ55,COUNT(C55:AQ55)),2)=0,"",ROUND(AVERAGE(C55:AQ55,COUNT(C55:AQ55)),2)),"") | C55: =IFERROR(IF(ROUND(SUMIF(RESPOSTAS!$C$2:$C$300,$B$55,Auxiliar!D$1:D$300)/COUNTIF(RESPOSTAS!$C$2:$C$300,$B$55),2)=0,"",ROUND(SUMIF(RESPOSTAS!$C$2:$C$300,$B$55,Auxiliar!D$1:D$300)/COUNTIF(RESPOSTAS!$C$2:$C$300,$B$55),2)),"") | D55: =IFERROR(IF(ROUND(SUMIF(RESPOSTAS!$C$2:$C$300,$B$55,Auxiliar!E$1:E$300)/COUNTIF(RESPOSTAS!$C$2:$C$300,$B$55),2)=0,"",ROUND(SUMIF(RESPOSTAS!$C$2:$C$300,$B$55,Auxiliar!E$1:E$300)/COUNTIF(RESPOSTAS!$C$2:$C$300,$B$55),2)),"") | E55: =IFERROR(IF(ROUND(SUMIF(RESPOSTAS!$C$2:$C$300,$B$55,Auxiliar!F$1:F$300)/COUNTIF(RESPOSTAS!$C$2:$C$300,$B$55),2)=0,"",ROUND(SUMIF(RESPOSTAS!$C$2:$C$300,$B$55,Auxiliar!F$1:F$300)/COUNTIF(RESPOSTAS!$C$2:$C$300,$B$55),2)),"") | F55: =IFERROR(IF(ROUND(SUMIF(RESPOSTAS!$C$2:$C$300,$B$55,Auxiliar!G$1:G$300)/COUNTIF(RESPOSTAS!$C$2:$C$300,$B$55),2)=0,"",ROUND(SUMIF(RESPOSTAS!$C$2:$C$300,$B$55,Auxiliar!G$1:G$300)/COUNTIF(RESPOSTAS!$C$2:$C$300,$B$55),2)),"") | G55: =IFERROR(IF(ROUND(SUMIF(RESPOSTAS!$C$2:$C$300,$B$55,Auxiliar!H$1:H$300)/COUNTIF(RESPOSTAS!$C$2:$C$300,$B$55),2)=0,"",ROUND(SUMIF(RESPOSTAS!$C$2:$C$300,$B$55,Auxiliar!H$1:H$300)/COUNTIF(RESPOSTAS!$C$2:$C$300,$B$55),2)),"") | H55: =IFERROR(IF(ROUND(SUMIF(RESPOSTAS!$C$2:$C$300,$B$55,Auxiliar!I$1:I$300)/COUNTIF(RESPOSTAS!$C$2:$C$300,$B$55),2)=0,"",ROUND(SUMIF(RESPOSTAS!$C$2:$C$300,$B$55,Auxiliar!I$1:I$300)/COUNTIF(RESPOSTAS!$C$2:$C$300,$B$55),2)),"") | I55: =IFERROR(IF(ROUND(SUMIF(RESPOSTAS!$C$2:$C$300,$B$55,Auxiliar!J$1:J$300)/COUNTIF(RESPOSTAS!$C$2:$C$300,$B$55),2)=0,"",ROUND(SUMIF(RESPOSTAS!$C$2:$C$300,$B$55,Auxiliar!J$1:J$300)/COUNTIF(RESPOSTAS!$C$2:$C$300,$B$55),2)),"") | J55: =IFERROR(IF(ROUND(SUMIF(RESPOSTAS!$C$2:$C$300,$B$55,Auxiliar!K$1:K$300)/COUNTIF(RESPOSTAS!$C$2:$C$300,$B$55),2)=0,"",ROUND(SUMIF(RESPOSTAS!$C$2:$C$300,$B$55,Auxiliar!K$1:K$300)/COUNTIF(RESPOSTAS!$C$2:$C$300,$B$55),2)),"") | ... AQ55: =IFERROR(IF(ROUND(SUMIF(RESPOSTAS!$C$2:$C$300,$B$55,Auxiliar!AR$1:AR$300)/COUNTIF(RESPOSTAS!$C$2:$C$300,$B$55),2)=0,"",ROUND(SUMIF(RESPOSTAS!$C$2:$C$300,$B$55,Auxiliar!AR$1:AR$300)/COUNTIF(RESPOSTAS!$C$2:$C$300,$B$55),2)),"")
A56: =IFERROR(IF(ROUND(AVERAGE(C56:AQ56,COUNT(C56:AQ56)),2)=0,"",ROUND(AVERAGE(C56:AQ56,COUNT(C56:AQ56)),2)),"") | C56: =IFERROR(IF(ROUND(SUMIF(RESPOSTAS!$C$2:$C$300,$B$56,Auxiliar!D$1:D$300)/COUNTIF(RESPOSTAS!$C$2:$C$300,$B$56),2)=0,"",ROUND(SUMIF(RESPOSTAS!$C$2:$C$300,$B$56,Auxiliar!D$1:D$300)/COUNTIF(RESPOSTAS!$C$2:$C$300,$B$56),2)),"") | D56: =IFERROR(IF(ROUND(SUMIF(RESPOSTAS!$C$2:$C$300,$B$56,Auxiliar!E$1:E$300)/COUNTIF(RESPOSTAS!$C$2:$C$300,$B$56),2)=0,"",ROUND(SUMIF(RESPOSTAS!$C$2:$C$300,$B$56,Auxiliar!E$1:E$300)/COUNTIF(RESPOSTAS!$C$2:$C$300,$B$56),2)),"") | E56: =IFERROR(IF(ROUND(SUMIF(RESPOSTAS!$C$2:$C$300,$B$56,Auxiliar!F$1:F$300)/COUNTIF(RESPOSTAS!$C$2:$C$300,$B$56),2)=0,"",ROUND(SUMIF(RESPOSTAS!$C$2:$C$300,$B$56,Auxiliar!F$1:F$300)/COUNTIF(RESPOSTAS!$C$2:$C$300,$B$56),2)),"") | F56: =IFERROR(IF(ROUND(SUMIF(RESPOSTAS!$C$2:$C$300,$B$56,Auxiliar!G$1:G$300)/COUNTIF(RESPOSTAS!$C$2:$C$300,$B$56),2)=0,"",ROUND(SUMIF(RESPOSTAS!$C$2:$C$300,$B$56,Auxiliar!G$1:G$300)/COUNTIF(RESPOSTAS!$C$2:$C$300,$B$56),2)),"") | G56: =IFERROR(IF(ROUND(SUMIF(RESPOSTAS!$C$2:$C$300,$B$56,Auxiliar!H$1:H$300)/COUNTIF(RESPOSTAS!$C$2:$C$300,$B$56),2)=0,"",ROUND(SUMIF(RESPOSTAS!$C$2:$C$300,$B$56,Auxiliar!H$1:H$300)/COUNTIF(RESPOSTAS!$C$2:$C$300,$B$56),2)),"") | H56: =IFERROR(IF(ROUND(SUMIF(RESPOSTAS!$C$2:$C$300,$B$56,Auxiliar!I$1:I$300)/COUNTIF(RESPOSTAS!$C$2:$C$300,$B$56),2)=0,"",ROUND(SUMIF(RESPOSTAS!$C$2:$C$300,$B$56,Auxiliar!I$1:I$300)/COUNTIF(RESPOSTAS!$C$2:$C$300,$B$56),2)),"") | I56: =IFERROR(IF(ROUND(SUMIF(RESPOSTAS!$C$2:$C$300,$B$56,Auxiliar!J$1:J$300)/COUNTIF(RESPOSTAS!$C$2:$C$300,$B$56),2)=0,"",ROUND(SUMIF(RESPOSTAS!$C$2:$C$300,$B$56,Auxiliar!J$1:J$300)/COUNTIF(RESPOSTAS!$C$2:$C$300,$B$56),2)),"") | J56: =IFERROR(IF(ROUND(SUMIF(RESPOSTAS!$C$2:$C$300,$B$56,Auxiliar!K$1:K$300)/COUNTIF(RESPOSTAS!$C$2:$C$300,$B$56),2)=0,"",ROUND(SUMIF(RESPOSTAS!$C$2:$C$300,$B$56,Auxiliar!K$1:K$300)/COUNTIF(RESPOSTAS!$C$2:$C$300,$B$56),2)),"") | ... AQ56: =IFERROR(IF(ROUND(SUMIF(RESPOSTAS!$C$2:$C$300,$B$56,Auxiliar!AR$1:AR$300)/COUNTIF(RESPOSTAS!$C$2:$C$300,$B$56),2)=0,"",ROUND(SUMIF(RESPOSTAS!$C$2:$C$300,$B$56,Auxiliar!AR$1:AR$300)/COUNTIF(RESPOSTAS!$C$2:$C$300,$B$56),2)),"")
A57: =IFERROR(IF(ROUND(AVERAGE(C57:AQ57,COUNT(C57:AQ57)),2)=0,"",ROUND(AVERAGE(C57:AQ57,COUNT(C57:AQ57)),2)),"") | C57: =IFERROR(IF(ROUND(SUMIF(RESPOSTAS!$C$2:$C$300,$B$57,Auxiliar!D$1:D$300)/COUNTIF(RESPOSTAS!$C$2:$C$300,$B$57),2)=0,"",ROUND(SUMIF(RESPOSTAS!$C$2:$C$300,$B$57,Auxiliar!D$1:D$300)/COUNTIF(RESPOSTAS!$C$2:$C$300,$B$57),2)),"") | D57: =IFERROR(IF(ROUND(SUMIF(RESPOSTAS!$C$2:$C$300,$B$57,Auxiliar!E$1:E$300)/COUNTIF(RESPOSTAS!$C$2:$C$300,$B$57),2)=0,"",ROUND(SUMIF(RESPOSTAS!$C$2:$C$300,$B$57,Auxiliar!E$1:E$300)/COUNTIF(RESPOSTAS!$C$2:$C$300,$B$57),2)),"") | E57: =IFERROR(IF(ROUND(SUMIF(RESPOSTAS!$C$2:$C$300,$B$57,Auxiliar!F$1:F$300)/COUNTIF(RESPOSTAS!$C$2:$C$300,$B$57),2)=0,"",ROUND(SUMIF(RESPOSTAS!$C$2:$C$300,$B$57,Auxiliar!F$1:F$300)/COUNTIF(RESPOSTAS!$C$2:$C$300,$B$57),2)),"") | F57: =IFERROR(IF(ROUND(SUMIF(RESPOSTAS!$C$2:$C$300,$B$57,Auxiliar!G$1:G$300)/COUNTIF(RESPOSTAS!$C$2:$C$300,$B$57),2)=0,"",ROUND(SUMIF(RESPOSTAS!$C$2:$C$300,$B$57,Auxiliar!G$1:G$300)/COUNTIF(RESPOSTAS!$C$2:$C$300,$B$57),2)),"") | G57: =IFERROR(IF(ROUND(SUMIF(RESPOSTAS!$C$2:$C$300,$B$57,Auxiliar!H$1:H$300)/COUNTIF(RESPOSTAS!$C$2:$C$300,$B$57),2)=0,"",ROUND(SUMIF(RESPOSTAS!$C$2:$C$300,$B$57,Auxiliar!H$1:H$300)/COUNTIF(RESPOSTAS!$C$2:$C$300,$B$57),2)),"") | H57: =IFERROR(IF(ROUND(SUMIF(RESPOSTAS!$C$2:$C$300,$B$57,Auxiliar!I$1:I$300)/COUNTIF(RESPOSTAS!$C$2:$C$300,$B$57),2)=0,"",ROUND(SUMIF(RESPOSTAS!$C$2:$C$300,$B$57,Auxiliar!I$1:I$300)/COUNTIF(RESPOSTAS!$C$2:$C$300,$B$57),2)),"") | I57: =IFERROR(IF(ROUND(SUMIF(RESPOSTAS!$C$2:$C$300,$B$57,Auxiliar!J$1:J$300)/COUNTIF(RESPOSTAS!$C$2:$C$300,$B$57),2)=0,"",ROUND(SUMIF(RESPOSTAS!$C$2:$C$300,$B$57,Auxiliar!J$1:J$300)/COUNTIF(RESPOSTAS!$C$2:$C$300,$B$57),2)),"") | J57: =IFERROR(IF(ROUND(SUMIF(RESPOSTAS!$C$2:$C$300,$B$57,Auxiliar!K$1:K$300)/COUNTIF(RESPOSTAS!$C$2:$C$300,$B$57),2)=0,"",ROUND(SUMIF(RESPOSTAS!$C$2:$C$300,$B$57,Auxiliar!K$1:K$300)/COUNTIF(RESPOSTAS!$C$2:$C$300,$B$57),2)),"") | ... AQ57: =IFERROR(IF(ROUND(SUMIF(RESPOSTAS!$C$2:$C$300,$B$57,Auxiliar!AR$1:AR$300)/COUNTIF(RESPOSTAS!$C$2:$C$300,$B$57),2)=0,"",ROUND(SUMIF(RESPOSTAS!$C$2:$C$300,$B$57,Auxiliar!AR$1:AR$300)/COUNTIF(RESPOSTAS!$C$2:$C$300,$B$57),2)),"")
A58: =IFERROR(IF(ROUND(AVERAGE(C58:AQ58,COUNT(C58:AQ58)),2)=0,"",ROUND(AVERAGE(C58:AQ58,COUNT(C58:AQ58)),2)),"") | C58: =IFERROR(IF(ROUND(SUMIF(RESPOSTAS!$C$2:$C$300,$B$58,Auxiliar!D$1:D$300)/COUNTIF(RESPOSTAS!$C$2:$C$300,$B$58),2)=0,"",ROUND(SUMIF(RESPOSTAS!$C$2:$C$300,$B$58,Auxiliar!D$1:D$300)/COUNTIF(RESPOSTAS!$C$2:$C$300,$B$58),2)),"") | D58: =IFERROR(IF(ROUND(SUMIF(RESPOSTAS!$C$2:$C$300,$B$58,Auxiliar!E$1:E$300)/COUNTIF(RESPOSTAS!$C$2:$C$300,$B$58),2)=0,"",ROUND(SUMIF(RESPOSTAS!$C$2:$C$300,$B$58,Auxiliar!E$1:E$300)/COUNTIF(RESPOSTAS!$C$2:$C$300,$B$58),2)),"") | E58: =IFERROR(IF(ROUND(SUMIF(RESPOSTAS!$C$2:$C$300,$B$58,Auxiliar!F$1:F$300)/COUNTIF(RESPOSTAS!$C$2:$C$300,$B$58),2)=0,"",ROUND(SUMIF(RESPOSTAS!$C$2:$C$300,$B$58,Auxiliar!F$1:F$300)/COUNTIF(RESPOSTAS!$C$2:$C$300,$B$58),2)),"") | F58: =IFERROR(IF(ROUND(SUMIF(RESPOSTAS!$C$2:$C$300,$B$58,Auxiliar!G$1:G$300)/COUNTIF(RESPOSTAS!$C$2:$C$300,$B$58),2)=0,"",ROUND(SUMIF(RESPOSTAS!$C$2:$C$300,$B$58,Auxiliar!G$1:G$300)/COUNTIF(RESPOSTAS!$C$2:$C$300,$B$58),2)),"") | G58: =IFERROR(IF(ROUND(SUMIF(RESPOSTAS!$C$2:$C$300,$B$58,Auxiliar!H$1:H$300)/COUNTIF(RESPOSTAS!$C$2:$C$300,$B$58),2)=0,"",ROUND(SUMIF(RESPOSTAS!$C$2:$C$300,$B$58,Auxiliar!H$1:H$300)/COUNTIF(RESPOSTAS!$C$2:$C$300,$B$58),2)),"") | H58: =IFERROR(IF(ROUND(SUMIF(RESPOSTAS!$C$2:$C$300,$B$58,Auxiliar!I$1:I$300)/COUNTIF(RESPOSTAS!$C$2:$C$300,$B$58),2)=0,"",ROUND(SUMIF(RESPOSTAS!$C$2:$C$300,$B$58,Auxiliar!I$1:I$300)/COUNTIF(RESPOSTAS!$C$2:$C$300,$B$58),2)),"") | I58: =IFERROR(IF(ROUND(SUMIF(RESPOSTAS!$C$2:$C$300,$B$58,Auxiliar!J$1:J$300)/COUNTIF(RESPOSTAS!$C$2:$C$300,$B$58),2)=0,"",ROUND(SUMIF(RESPOSTAS!$C$2:$C$300,$B$58,Auxiliar!J$1:J$300)/COUNTIF(RESPOSTAS!$C$2:$C$300,$B$58),2)),"") | J58: =IFERROR(IF(ROUND(SUMIF(RESPOSTAS!$C$2:$C$300,$B$58,Auxiliar!K$1:K$300)/COUNTIF(RESPOSTAS!$C$2:$C$300,$B$58),2)=0,"",ROUND(SUMIF(RESPOSTAS!$C$2:$C$300,$B$58,Auxiliar!K$1:K$300)/COUNTIF(RESPOSTAS!$C$2:$C$300,$B$58),2)),"") | ... AQ58: =IFERROR(IF(ROUND(SUMIF(RESPOSTAS!$C$2:$C$300,$B$58,Auxiliar!AR$1:AR$300)/COUNTIF(RESPOSTAS!$C$2:$C$300,$B$58),2)=0,"",ROUND(SUMIF(RESPOSTAS!$C$2:$C$300,$B$58,Auxiliar!AR$1:AR$300)/COUNTIF(RESPOSTAS!$C$2:$C$300,$B$58),2)),"")
A59: =IFERROR(IF(ROUND(AVERAGE(C59:AQ59,COUNT(C59:AQ59)),2)=0,"",ROUND(AVERAGE(C59:AQ59,COUNT(C59:AQ59)),2)),"") | C59: =IFERROR(IF(ROUND(SUMIF(RESPOSTAS!$C$2:$C$300,$B$59,Auxiliar!D$1:D$300)/COUNTIF(RESPOSTAS!$C$2:$C$300,$B$59),2)=0,"",ROUND(SUMIF(RESPOSTAS!$C$2:$C$300,$B$59,Auxiliar!D$1:D$300)/COUNTIF(RESPOSTAS!$C$2:$C$300,$B$59),2)),"") | D59: =IFERROR(IF(ROUND(SUMIF(RESPOSTAS!$C$2:$C$300,$B$59,Auxiliar!E$1:E$300)/COUNTIF(RESPOSTAS!$C$2:$C$300,$B$59),2)=0,"",ROUND(SUMIF(RESPOSTAS!$C$2:$C$300,$B$59,Auxiliar!E$1:E$300)/COUNTIF(RESPOSTAS!$C$2:$C$300,$B$59),2)),"") | E59: =IFERROR(IF(ROUND(SUMIF(RESPOSTAS!$C$2:$C$300,$B$59,Auxiliar!F$1:F$300)/COUNTIF(RESPOSTAS!$C$2:$C$300,$B$59),2)=0,"",ROUND(SUMIF(RESPOSTAS!$C$2:$C$300,$B$59,Auxiliar!F$1:F$300)/COUNTIF(RESPOSTAS!$C$2:$C$300,$B$59),2)),"") | F59: =IFERROR(IF(ROUND(SUMIF(RESPOSTAS!$C$2:$C$300,$B$59,Auxiliar!G$1:G$300)/COUNTIF(RESPOSTAS!$C$2:$C$300,$B$59),2)=0,"",ROUND(SUMIF(RESPOSTAS!$C$2:$C$300,$B$59,Auxiliar!G$1:G$300)/COUNTIF(RESPOSTAS!$C$2:$C$300,$B$59),2)),"") | G59: =IFERROR(IF(ROUND(SUMIF(RESPOSTAS!$C$2:$C$300,$B$59,Auxiliar!H$1:H$300)/COUNTIF(RESPOSTAS!$C$2:$C$300,$B$59),2)=0,"",ROUND(SUMIF(RESPOSTAS!$C$2:$C$300,$B$59,Auxiliar!H$1:H$300)/COUNTIF(RESPOSTAS!$C$2:$C$300,$B$59),2)),"") | H59: =IFERROR(IF(ROUND(SUMIF(RESPOSTAS!$C$2:$C$300,$B$59,Auxiliar!I$1:I$300)/COUNTIF(RESPOSTAS!$C$2:$C$300,$B$59),2)=0,"",ROUND(SUMIF(RESPOSTAS!$C$2:$C$300,$B$59,Auxiliar!I$1:I$300)/COUNTIF(RESPOSTAS!$C$2:$C$300,$B$59),2)),"") | I59: =IFERROR(IF(ROUND(SUMIF(RESPOSTAS!$C$2:$C$300,$B$59,Auxiliar!J$1:J$300)/COUNTIF(RESPOSTAS!$C$2:$C$300,$B$59),2)=0,"",ROUND(SUMIF(RESPOSTAS!$C$2:$C$300,$B$59,Auxiliar!J$1:J$300)/COUNTIF(RESPOSTAS!$C$2:$C$300,$B$59),2)),"") | J59: =IFERROR(IF(ROUND(SUMIF(RESPOSTAS!$C$2:$C$300,$B$59,Auxiliar!K$1:K$300)/COUNTIF(RESPOSTAS!$C$2:$C$300,$B$59),2)=0,"",ROUND(SUMIF(RESPOSTAS!$C$2:$C$300,$B$59,Auxiliar!K$1:K$300)/COUNTIF(RESPOSTAS!$C$2:$C$300,$B$59),2)),"") | ... AQ59: =IFERROR(IF(ROUND(SUMIF(RESPOSTAS!$C$2:$C$300,$B$59,Auxiliar!AR$1:AR$300)/COUNTIF(RESPOSTAS!$C$2:$C$300,$B$59),2)=0,"",ROUND(SUMIF(RESPOSTAS!$C$2:$C$300,$B$59,Auxiliar!AR$1:AR$300)/COUNTIF(RESPOSTAS!$C$2:$C$300,$B$59),2)),"")
A60: =IFERROR(IF(ROUND(AVERAGE(C60:AQ60,COUNT(C60:AQ60)),2)=0,"",ROUND(AVERAGE(C60:AQ60,COUNT(C60:AQ60)),2)),"") | C60: =IFERROR(IF(ROUND(SUMIF(RESPOSTAS!$C$2:$C$300,$B$60,Auxiliar!D$1:D$300)/COUNTIF(RESPOSTAS!$C$2:$C$300,$B$60),2)=0,"",ROUND(SUMIF(RESPOSTAS!$C$2:$C$300,$B$60,Auxiliar!D$1:D$300)/COUNTIF(RESPOSTAS!$C$2:$C$300,$B$60),2)),"") | D60: =IFERROR(IF(ROUND(SUMIF(RESPOSTAS!$C$2:$C$300,$B$60,Auxiliar!E$1:E$300)/COUNTIF(RESPOSTAS!$C$2:$C$300,$B$60),2)=0,"",ROUND(SUMIF(RESPOSTAS!$C$2:$C$300,$B$60,Auxiliar!E$1:E$300)/COUNTIF(RESPOSTAS!$C$2:$C$300,$B$60),2)),"") | E60: =IFERROR(IF(ROUND(SUMIF(RESPOSTAS!$C$2:$C$300,$B$60,Auxiliar!F$1:F$300)/COUNTIF(RESPOSTAS!$C$2:$C$300,$B$60),2)=0,"",ROUND(SUMIF(RESPOSTAS!$C$2:$C$300,$B$60,Auxiliar!F$1:F$300)/COUNTIF(RESPOSTAS!$C$2:$C$300,$B$60),2)),"") | F60: =IFERROR(IF(ROUND(SUMIF(RESPOSTAS!$C$2:$C$300,$B$60,Auxiliar!G$1:G$300)/COUNTIF(RESPOSTAS!$C$2:$C$300,$B$60),2)=0,"",ROUND(SUMIF(RESPOSTAS!$C$2:$C$300,$B$60,Auxiliar!G$1:G$300)/COUNTIF(RESPOSTAS!$C$2:$C$300,$B$60),2)),"") | G60: =IFERROR(IF(ROUND(SUMIF(RESPOSTAS!$C$2:$C$300,$B$60,Auxiliar!H$1:H$300)/COUNTIF(RESPOSTAS!$C$2:$C$300,$B$60),2)=0,"",ROUND(SUMIF(RESPOSTAS!$C$2:$C$300,$B$60,Auxiliar!H$1:H$300)/COUNTIF(RESPOSTAS!$C$2:$C$300,$B$60),2)),"") | H60: =IFERROR(IF(ROUND(SUMIF(RESPOSTAS!$C$2:$C$300,$B$60,Auxiliar!I$1:I$300)/COUNTIF(RESPOSTAS!$C$2:$C$300,$B$60),2)=0,"",ROUND(SUMIF(RESPOSTAS!$C$2:$C$300,$B$60,Auxiliar!I$1:I$300)/COUNTIF(RESPOSTAS!$C$2:$C$300,$B$60),2)),"") | I60: =IFERROR(IF(ROUND(SUMIF(RESPOSTAS!$C$2:$C$300,$B$60,Auxiliar!J$1:J$300)/COUNTIF(RESPOSTAS!$C$2:$C$300,$B$60),2)=0,"",ROUND(SUMIF(RESPOSTAS!$C$2:$C$300,$B$60,Auxiliar!J$1:J$300)/COUNTIF(RESPOSTAS!$C$2:$C$300,$B$60),2)),"") | J60: =IFERROR(IF(ROUND(SUMIF(RESPOSTAS!$C$2:$C$300,$B$60,Auxiliar!K$1:K$300)/COUNTIF(RESPOSTAS!$C$2:$C$300,$B$60),2)=0,"",ROUND(SUMIF(RESPOSTAS!$C$2:$C$300,$B$60,Auxiliar!K$1:K$300)/COUNTIF(RESPOSTAS!$C$2:$C$300,$B$60),2)),"") | ... AQ60: =IFERROR(IF(ROUND(SUMIF(RESPOSTAS!$C$2:$C$300,$B$60,Auxiliar!AR$1:AR$300)/COUNTIF(RESPOSTAS!$C$2:$C$300,$B$60),2)=0,"",ROUND(SUMIF(RESPOSTAS!$C$2:$C$300,$B$60,Auxiliar!AR$1:AR$300)/COUNTIF(RESPOSTAS!$C$2:$C$300,$B$60),2)),"")
A61: =IFERROR(IF(ROUND(AVERAGE(C61:AQ61,COUNT(C61:AQ61)),2)=0,"",ROUND(AVERAGE(C61:AQ61,COUNT(C61:AQ61)),2)),"") | C61: =IFERROR(IF(ROUND(SUMIF(RESPOSTAS!$C$2:$C$300,$B$61,Auxiliar!D$1:D$300)/COUNTIF(RESPOSTAS!$C$2:$C$300,$B$61),2)=0,"",ROUND(SUMIF(RESPOSTAS!$C$2:$C$300,$B$61,Auxiliar!D$1:D$300)/COUNTIF(RESPOSTAS!$C$2:$C$300,$B$61),2)),"") | D61: =IFERROR(IF(ROUND(SUMIF(RESPOSTAS!$C$2:$C$300,$B$61,Auxiliar!E$1:E$300)/COUNTIF(RESPOSTAS!$C$2:$C$300,$B$61),2)=0,"",ROUND(SUMIF(RESPOSTAS!$C$2:$C$300,$B$61,Auxiliar!E$1:E$300)/COUNTIF(RESPOSTAS!$C$2:$C$300,$B$61),2)),"") | E61: =IFERROR(IF(ROUND(SUMIF(RESPOSTAS!$C$2:$C$300,$B$61,Auxiliar!F$1:F$300)/COUNTIF(RESPOSTAS!$C$2:$C$300,$B$61),2)=0,"",ROUND(SUMIF(RESPOSTAS!$C$2:$C$300,$B$61,Auxiliar!F$1:F$300)/COUNTIF(RESPOSTAS!$C$2:$C$300,$B$61),2)),"") | F61: =IFERROR(IF(ROUND(SUMIF(RESPOSTAS!$C$2:$C$300,$B$61,Auxiliar!G$1:G$300)/COUNTIF(RESPOSTAS!$C$2:$C$300,$B$61),2)=0,"",ROUND(SUMIF(RESPOSTAS!$C$2:$C$300,$B$61,Auxiliar!G$1:G$300)/COUNTIF(RESPOSTAS!$C$2:$C$300,$B$61),2)),"") | G61: =IFERROR(IF(ROUND(SUMIF(RESPOSTAS!$C$2:$C$300,$B$61,Auxiliar!H$1:H$300)/COUNTIF(RESPOSTAS!$C$2:$C$300,$B$61),2)=0,"",ROUND(SUMIF(RESPOSTAS!$C$2:$C$300,$B$61,Auxiliar!H$1:H$300)/COUNTIF(RESPOSTAS!$C$2:$C$300,$B$61),2)),"") | H61: =IFERROR(IF(ROUND(SUMIF(RESPOSTAS!$C$2:$C$300,$B$61,Auxiliar!I$1:I$300)/COUNTIF(RESPOSTAS!$C$2:$C$300,$B$61),2)=0,"",ROUND(SUMIF(RESPOSTAS!$C$2:$C$300,$B$61,Auxiliar!I$1:I$300)/COUNTIF(RESPOSTAS!$C$2:$C$300,$B$61),2)),"") | I61: =IFERROR(IF(ROUND(SUMIF(RESPOSTAS!$C$2:$C$300,$B$61,Auxiliar!J$1:J$300)/COUNTIF(RESPOSTAS!$C$2:$C$300,$B$61),2)=0,"",ROUND(SUMIF(RESPOSTAS!$C$2:$C$300,$B$61,Auxiliar!J$1:J$300)/COUNTIF(RESPOSTAS!$C$2:$C$300,$B$61),2)),"") | J61: =IFERROR(IF(ROUND(SUMIF(RESPOSTAS!$C$2:$C$300,$B$61,Auxiliar!K$1:K$300)/COUNTIF(RESPOSTAS!$C$2:$C$300,$B$61),2)=0,"",ROUND(SUMIF(RESPOSTAS!$C$2:$C$300,$B$61,Auxiliar!K$1:K$300)/COUNTIF(RESPOSTAS!$C$2:$C$300,$B$61),2)),"") | ... AQ61: =IFERROR(IF(ROUND(SUMIF(RESPOSTAS!$C$2:$C$300,$B$61,Auxiliar!AR$1:AR$300)/COUNTIF(RESPOSTAS!$C$2:$C$300,$B$61),2)=0,"",ROUND(SUMIF(RESPOSTAS!$C$2:$C$300,$B$61,Auxiliar!AR$1:AR$300)/COUNTIF(RESPOSTAS!$C$2:$C$300,$B$61),2)),"")
A62: =IFERROR(IF(ROUND(AVERAGE(C62:AQ62,COUNT(C62:AQ62)),2)=0,"",ROUND(AVERAGE(C62:AQ62,COUNT(C62:AQ62)),2)),"") | C62: =IFERROR(IF(ROUND(SUMIF(RESPOSTAS!$C$2:$C$300,$B$62,Auxiliar!D$1:D$300)/COUNTIF(RESPOSTAS!$C$2:$C$300,$B$62),2)=0,"",ROUND(SUMIF(RESPOSTAS!$C$2:$C$300,$B$62,Auxiliar!D$1:D$300)/COUNTIF(RESPOSTAS!$C$2:$C$300,$B$62),2)),"") | D62: =IFERROR(IF(ROUND(SUMIF(RESPOSTAS!$C$2:$C$300,$B$62,Auxiliar!E$1:E$300)/COUNTIF(RESPOSTAS!$C$2:$C$300,$B$62),2)=0,"",ROUND(SUMIF(RESPOSTAS!$C$2:$C$300,$B$62,Auxiliar!E$1:E$300)/COUNTIF(RESPOSTAS!$C$2:$C$300,$B$62),2)),"") | E62: =IFERROR(IF(ROUND(SUMIF(RESPOSTAS!$C$2:$C$300,$B$62,Auxiliar!F$1:F$300)/COUNTIF(RESPOSTAS!$C$2:$C$300,$B$62),2)=0,"",ROUND(SUMIF(RESPOSTAS!$C$2:$C$300,$B$62,Auxiliar!F$1:F$300)/COUNTIF(RESPOSTAS!$C$2:$C$300,$B$62),2)),"") | F62: =IFERROR(IF(ROUND(SUMIF(RESPOSTAS!$C$2:$C$300,$B$62,Auxiliar!G$1:G$300)/COUNTIF(RESPOSTAS!$C$2:$C$300,$B$62),2)=0,"",ROUND(SUMIF(RESPOSTAS!$C$2:$C$300,$B$62,Auxiliar!G$1:G$300)/COUNTIF(RESPOSTAS!$C$2:$C$300,$B$62),2)),"") | G62: =IFERROR(IF(ROUND(SUMIF(RESPOSTAS!$C$2:$C$300,$B$62,Auxiliar!H$1:H$300)/COUNTIF(RESPOSTAS!$C$2:$C$300,$B$62),2)=0,"",ROUND(SUMIF(RESPOSTAS!$C$2:$C$300,$B$62,Auxiliar!H$1:H$300)/COUNTIF(RESPOSTAS!$C$2:$C$300,$B$62),2)),"") | H62: =IFERROR(IF(ROUND(SUMIF(RESPOSTAS!$C$2:$C$300,$B$62,Auxiliar!I$1:I$300)/COUNTIF(RESPOSTAS!$C$2:$C$300,$B$62),2)=0,"",ROUND(SUMIF(RESPOSTAS!$C$2:$C$300,$B$62,Auxiliar!I$1:I$300)/COUNTIF(RESPOSTAS!$C$2:$C$300,$B$62),2)),"") | I62: =IFERROR(IF(ROUND(SUMIF(RESPOSTAS!$C$2:$C$300,$B$62,Auxiliar!J$1:J$300)/COUNTIF(RESPOSTAS!$C$2:$C$300,$B$62),2)=0,"",ROUND(SUMIF(RESPOSTAS!$C$2:$C$300,$B$62,Auxiliar!J$1:J$300)/COUNTIF(RESPOSTAS!$C$2:$C$300,$B$62),2)),"") | J62: =IFERROR(IF(ROUND(SUMIF(RESPOSTAS!$C$2:$C$300,$B$62,Auxiliar!K$1:K$300)/COUNTIF(RESPOSTAS!$C$2:$C$300,$B$62),2)=0,"",ROUND(SUMIF(RESPOSTAS!$C$2:$C$300,$B$62,Auxiliar!K$1:K$300)/COUNTIF(RESPOSTAS!$C$2:$C$300,$B$62),2)),"") | ... AQ62: =IFERROR(IF(ROUND(SUMIF(RESPOSTAS!$C$2:$C$300,$B$62,Auxiliar!AR$1:AR$300)/COUNTIF(RESPOSTAS!$C$2:$C$300,$B$62),2)=0,"",ROUND(SUMIF(RESPOSTAS!$C$2:$C$300,$B$62,Auxiliar!AR$1:AR$300)/COUNTIF(RESPOSTAS!$C$2:$C$300,$B$62),2)),"")
A63: =IFERROR(IF(ROUND(AVERAGE(C63:AQ63,COUNT(C63:AQ63)),2)=0,"",ROUND(AVERAGE(C63:AQ63,COUNT(C63:AQ63)),2)),"") | C63: =IFERROR(IF(ROUND(SUMIF(RESPOSTAS!$C$2:$C$300,$B$63,Auxiliar!D$1:D$300)/COUNTIF(RESPOSTAS!$C$2:$C$300,$B$63),2)=0,"",ROUND(SUMIF(RESPOSTAS!$C$2:$C$300,$B$63,Auxiliar!D$1:D$300)/COUNTIF(RESPOSTAS!$C$2:$C$300,$B$63),2)),"") | D63: =IFERROR(IF(ROUND(SUMIF(RESPOSTAS!$C$2:$C$300,$B$63,Auxiliar!E$1:E$300)/COUNTIF(RESPOSTAS!$C$2:$C$300,$B$63),2)=0,"",ROUND(SUMIF(RESPOSTAS!$C$2:$C$300,$B$63,Auxiliar!E$1:E$300)/COUNTIF(RESPOSTAS!$C$2:$C$300,$B$63),2)),"") | E63: =IFERROR(IF(ROUND(SUMIF(RESPOSTAS!$C$2:$C$300,$B$63,Auxiliar!F$1:F$300)/COUNTIF(RESPOSTAS!$C$2:$C$300,$B$63),2)=0,"",ROUND(SUMIF(RESPOSTAS!$C$2:$C$300,$B$63,Auxiliar!F$1:F$300)/COUNTIF(RESPOSTAS!$C$2:$C$300,$B$63),2)),"") | F63: =IFERROR(IF(ROUND(SUMIF(RESPOSTAS!$C$2:$C$300,$B$63,Auxiliar!G$1:G$300)/COUNTIF(RESPOSTAS!$C$2:$C$300,$B$63),2)=0,"",ROUND(SUMIF(RESPOSTAS!$C$2:$C$300,$B$63,Auxiliar!G$1:G$300)/COUNTIF(RESPOSTAS!$C$2:$C$300,$B$63),2)),"") | G63: =IFERROR(IF(ROUND(SUMIF(RESPOSTAS!$C$2:$C$300,$B$63,Auxiliar!H$1:H$300)/COUNTIF(RESPOSTAS!$C$2:$C$300,$B$63),2)=0,"",ROUND(SUMIF(RESPOSTAS!$C$2:$C$300,$B$63,Auxiliar!H$1:H$300)/COUNTIF(RESPOSTAS!$C$2:$C$300,$B$63),2)),"") | H63: =IFERROR(IF(ROUND(SUMIF(RESPOSTAS!$C$2:$C$300,$B$63,Auxiliar!I$1:I$300)/COUNTIF(RESPOSTAS!$C$2:$C$300,$B$63),2)=0,"",ROUND(SUMIF(RESPOSTAS!$C$2:$C$300,$B$63,Auxiliar!I$1:I$300)/COUNTIF(RESPOSTAS!$C$2:$C$300,$B$63),2)),"") | I63: =IFERROR(IF(ROUND(SUMIF(RESPOSTAS!$C$2:$C$300,$B$63,Auxiliar!J$1:J$300)/COUNTIF(RESPOSTAS!$C$2:$C$300,$B$63),2)=0,"",ROUND(SUMIF(RESPOSTAS!$C$2:$C$300,$B$63,Auxiliar!J$1:J$300)/COUNTIF(RESPOSTAS!$C$2:$C$300,$B$63),2)),"") | J63: =IFERROR(IF(ROUND(SUMIF(RESPOSTAS!$C$2:$C$300,$B$63,Auxiliar!K$1:K$300)/COUNTIF(RESPOSTAS!$C$2:$C$300,$B$63),2)=0,"",ROUND(SUMIF(RESPOSTAS!$C$2:$C$300,$B$63,Auxiliar!K$1:K$300)/COUNTIF(RESPOSTAS!$C$2:$C$300,$B$63),2)),"") | ... AQ63: =IFERROR(IF(ROUND(SUMIF(RESPOSTAS!$C$2:$C$300,$B$63,Auxiliar!AR$1:AR$300)/COUNTIF(RESPOSTAS!$C$2:$C$300,$B$63),2)=0,"",ROUND(SUMIF(RESPOSTAS!$C$2:$C$300,$B$63,Auxiliar!AR$1:AR$300)/COUNTIF(RESPOSTAS!$C$2:$C$300,$B$63),2)),"")
A64: =IFERROR(IF(ROUND(AVERAGE(C64:AQ64,COUNT(C64:AQ64)),2)=0,"",ROUND(AVERAGE(C64:AQ64,COUNT(C64:AQ64)),2)),"") | C64: =IFERROR(IF(ROUND(SUMIF(RESPOSTAS!$C$2:$C$300,$B$64,Auxiliar!D$1:D$300)/COUNTIF(RESPOSTAS!$C$2:$C$300,$B$64),2)=0,"",ROUND(SUMIF(RESPOSTAS!$C$2:$C$300,$B$64,Auxiliar!D$1:D$300)/COUNTIF(RESPOSTAS!$C$2:$C$300,$B$64),2)),"") | D64: =IFERROR(IF(ROUND(SUMIF(RESPOSTAS!$C$2:$C$300,$B$64,Auxiliar!E$1:E$300)/COUNTIF(RESPOSTAS!$C$2:$C$300,$B$64),2)=0,"",ROUND(SUMIF(RESPOSTAS!$C$2:$C$300,$B$64,Auxiliar!E$1:E$300)/COUNTIF(RESPOSTAS!$C$2:$C$300,$B$64),2)),"") | E64: =IFERROR(IF(ROUND(SUMIF(RESPOSTAS!$C$2:$C$300,$B$64,Auxiliar!F$1:F$300)/COUNTIF(RESPOSTAS!$C$2:$C$300,$B$64),2)=0,"",ROUND(SUMIF(RESPOSTAS!$C$2:$C$300,$B$64,Auxiliar!F$1:F$300)/COUNTIF(RESPOSTAS!$C$2:$C$300,$B$64),2)),"") | F64: =IFERROR(IF(ROUND(SUMIF(RESPOSTAS!$C$2:$C$300,$B$64,Auxiliar!G$1:G$300)/COUNTIF(RESPOSTAS!$C$2:$C$300,$B$64),2)=0,"",ROUND(SUMIF(RESPOSTAS!$C$2:$C$300,$B$64,Auxiliar!G$1:G$300)/COUNTIF(RESPOSTAS!$C$2:$C$300,$B$64),2)),"") | G64: =IFERROR(IF(ROUND(SUMIF(RESPOSTAS!$C$2:$C$300,$B$64,Auxiliar!H$1:H$300)/COUNTIF(RESPOSTAS!$C$2:$C$300,$B$64),2)=0,"",ROUND(SUMIF(RESPOSTAS!$C$2:$C$300,$B$64,Auxiliar!H$1:H$300)/COUNTIF(RESPOSTAS!$C$2:$C$300,$B$64),2)),"") | H64: =IFERROR(IF(ROUND(SUMIF(RESPOSTAS!$C$2:$C$300,$B$64,Auxiliar!I$1:I$300)/COUNTIF(RESPOSTAS!$C$2:$C$300,$B$64),2)=0,"",ROUND(SUMIF(RESPOSTAS!$C$2:$C$300,$B$64,Auxiliar!I$1:I$300)/COUNTIF(RESPOSTAS!$C$2:$C$300,$B$64),2)),"") | I64: =IFERROR(IF(ROUND(SUMIF(RESPOSTAS!$C$2:$C$300,$B$64,Auxiliar!J$1:J$300)/COUNTIF(RESPOSTAS!$C$2:$C$300,$B$64),2)=0,"",ROUND(SUMIF(RESPOSTAS!$C$2:$C$300,$B$64,Auxiliar!J$1:J$300)/COUNTIF(RESPOSTAS!$C$2:$C$300,$B$64),2)),"") | J64: =IFERROR(IF(ROUND(SUMIF(RESPOSTAS!$C$2:$C$300,$B$64,Auxiliar!K$1:K$300)/COUNTIF(RESPOSTAS!$C$2:$C$300,$B$64),2)=0,"",ROUND(SUMIF(RESPOSTAS!$C$2:$C$300,$B$64,Auxiliar!K$1:K$300)/COUNTIF(RESPOSTAS!$C$2:$C$300,$B$64),2)),"") | ... AQ64: =IFERROR(IF(ROUND(SUMIF(RESPOSTAS!$C$2:$C$300,$B$64,Auxiliar!AR$1:AR$300)/COUNTIF(RESPOSTAS!$C$2:$C$300,$B$64),2)=0,"",ROUND(SUMIF(RESPOSTAS!$C$2:$C$300,$B$64,Auxiliar!AR$1:AR$300)/COUNTIF(RESPOSTAS!$C$2:$C$300,$B$64),2)),"")
A65: =IFERROR(IF(ROUND(AVERAGE(C65:AQ65,COUNT(C65:AQ65)),2)=0,"",ROUND(AVERAGE(C65:AQ65,COUNT(C65:AQ65)),2)),"") | C65: =IFERROR(IF(ROUND(SUMIF(RESPOSTAS!$C$2:$C$300,$B$65,Auxiliar!D$1:D$300)/COUNTIF(RESPOSTAS!$C$2:$C$300,$B$65),2)=0,"",ROUND(SUMIF(RESPOSTAS!$C$2:$C$300,$B$65,Auxiliar!D$1:D$300)/COUNTIF(RESPOSTAS!$C$2:$C$300,$B$65),2)),"") | D65: =IFERROR(IF(ROUND(SUMIF(RESPOSTAS!$C$2:$C$300,$B$65,Auxiliar!E$1:E$300)/COUNTIF(RESPOSTAS!$C$2:$C$300,$B$65),2)=0,"",ROUND(SUMIF(RESPOSTAS!$C$2:$C$300,$B$65,Auxiliar!E$1:E$300)/COUNTIF(RESPOSTAS!$C$2:$C$300,$B$65),2)),"") | E65: =IFERROR(IF(ROUND(SUMIF(RESPOSTAS!$C$2:$C$300,$B$65,Auxiliar!F$1:F$300)/COUNTIF(RESPOSTAS!$C$2:$C$300,$B$65),2)=0,"",ROUND(SUMIF(RESPOSTAS!$C$2:$C$300,$B$65,Auxiliar!F$1:F$300)/COUNTIF(RESPOSTAS!$C$2:$C$300,$B$65),2)),"") | F65: =IFERROR(IF(ROUND(SUMIF(RESPOSTAS!$C$2:$C$300,$B$65,Auxiliar!G$1:G$300)/COUNTIF(RESPOSTAS!$C$2:$C$300,$B$65),2)=0,"",ROUND(SUMIF(RESPOSTAS!$C$2:$C$300,$B$65,Auxiliar!G$1:G$300)/COUNTIF(RESPOSTAS!$C$2:$C$300,$B$65),2)),"") | G65: =IFERROR(IF(ROUND(SUMIF(RESPOSTAS!$C$2:$C$300,$B$65,Auxiliar!H$1:H$300)/COUNTIF(RESPOSTAS!$C$2:$C$300,$B$65),2)=0,"",ROUND(SUMIF(RESPOSTAS!$C$2:$C$300,$B$65,Auxiliar!H$1:H$300)/COUNTIF(RESPOSTAS!$C$2:$C$300,$B$65),2)),"") | H65: =IFERROR(IF(ROUND(SUMIF(RESPOSTAS!$C$2:$C$300,$B$65,Auxiliar!I$1:I$300)/COUNTIF(RESPOSTAS!$C$2:$C$300,$B$65),2)=0,"",ROUND(SUMIF(RESPOSTAS!$C$2:$C$300,$B$65,Auxiliar!I$1:I$300)/COUNTIF(RESPOSTAS!$C$2:$C$300,$B$65),2)),"") | I65: =IFERROR(IF(ROUND(SUMIF(RESPOSTAS!$C$2:$C$300,$B$65,Auxiliar!J$1:J$300)/COUNTIF(RESPOSTAS!$C$2:$C$300,$B$65),2)=0,"",ROUND(SUMIF(RESPOSTAS!$C$2:$C$300,$B$65,Auxiliar!J$1:J$300)/COUNTIF(RESPOSTAS!$C$2:$C$300,$B$65),2)),"") | J65: =IFERROR(IF(ROUND(SUMIF(RESPOSTAS!$C$2:$C$300,$B$65,Auxiliar!K$1:K$300)/COUNTIF(RESPOSTAS!$C$2:$C$300,$B$65),2)=0,"",ROUND(SUMIF(RESPOSTAS!$C$2:$C$300,$B$65,Auxiliar!K$1:K$300)/COUNTIF(RESPOSTAS!$C$2:$C$300,$B$65),2)),"") | ... AQ65: =IFERROR(IF(ROUND(SUMIF(RESPOSTAS!$C$2:$C$300,$B$65,Auxiliar!AR$1:AR$300)/COUNTIF(RESPOSTAS!$C$2:$C$300,$B$65),2)=0,"",ROUND(SUMIF(RESPOSTAS!$C$2:$C$300,$B$65,Auxiliar!AR$1:AR$300)/COUNTIF(RESPOSTAS!$C$2:$C$300,$B$65),2)),"")
A66: =IFERROR(IF(ROUND(AVERAGE(C66:AQ66,COUNT(C66:AQ66)),2)=0,"",ROUND(AVERAGE(C66:AQ66,COUNT(C66:AQ66)),2)),"") | C66: =IFERROR(IF(ROUND(SUMIF(RESPOSTAS!$C$2:$C$300,$B$66,Auxiliar!D$1:D$300)/COUNTIF(RESPOSTAS!$C$2:$C$300,$B$66),2)=0,"",ROUND(SUMIF(RESPOSTAS!$C$2:$C$300,$B$66,Auxiliar!D$1:D$300)/COUNTIF(RESPOSTAS!$C$2:$C$300,$B$66),2)),"") | D66: =IFERROR(IF(ROUND(SUMIF(RESPOSTAS!$C$2:$C$300,$B$66,Auxiliar!E$1:E$300)/COUNTIF(RESPOSTAS!$C$2:$C$300,$B$66),2)=0,"",ROUND(SUMIF(RESPOSTAS!$C$2:$C$300,$B$66,Auxiliar!E$1:E$300)/COUNTIF(RESPOSTAS!$C$2:$C$300,$B$66),2)),"") | E66: =IFERROR(IF(ROUND(SUMIF(RESPOSTAS!$C$2:$C$300,$B$66,Auxiliar!F$1:F$300)/COUNTIF(RESPOSTAS!$C$2:$C$300,$B$66),2)=0,"",ROUND(SUMIF(RESPOSTAS!$C$2:$C$300,$B$66,Auxiliar!F$1:F$300)/COUNTIF(RESPOSTAS!$C$2:$C$300,$B$66),2)),"") | F66: =IFERROR(IF(ROUND(SUMIF(RESPOSTAS!$C$2:$C$300,$B$66,Auxiliar!G$1:G$300)/COUNTIF(RESPOSTAS!$C$2:$C$300,$B$66),2)=0,"",ROUND(SUMIF(RESPOSTAS!$C$2:$C$300,$B$66,Auxiliar!G$1:G$300)/COUNTIF(RESPOSTAS!$C$2:$C$300,$B$66),2)),"") | G66: =IFERROR(IF(ROUND(SUMIF(RESPOSTAS!$C$2:$C$300,$B$66,Auxiliar!H$1:H$300)/COUNTIF(RESPOSTAS!$C$2:$C$300,$B$66),2)=0,"",ROUND(SUMIF(RESPOSTAS!$C$2:$C$300,$B$66,Auxiliar!H$1:H$300)/COUNTIF(RESPOSTAS!$C$2:$C$300,$B$66),2)),"") | H66: =IFERROR(IF(ROUND(SUMIF(RESPOSTAS!$C$2:$C$300,$B$66,Auxiliar!I$1:I$300)/COUNTIF(RESPOSTAS!$C$2:$C$300,$B$66),2)=0,"",ROUND(SUMIF(RESPOSTAS!$C$2:$C$300,$B$66,Auxiliar!I$1:I$300)/COUNTIF(RESPOSTAS!$C$2:$C$300,$B$66),2)),"") | I66: =IFERROR(IF(ROUND(SUMIF(RESPOSTAS!$C$2:$C$300,$B$66,Auxiliar!J$1:J$300)/COUNTIF(RESPOSTAS!$C$2:$C$300,$B$66),2)=0,"",ROUND(SUMIF(RESPOSTAS!$C$2:$C$300,$B$66,Auxiliar!J$1:J$300)/COUNTIF(RESPOSTAS!$C$2:$C$300,$B$66),2)),"") | J66: =IFERROR(IF(ROUND(SUMIF(RESPOSTAS!$C$2:$C$300,$B$66,Auxiliar!K$1:K$300)/COUNTIF(RESPOSTAS!$C$2:$C$300,$B$66),2)=0,"",ROUND(SUMIF(RESPOSTAS!$C$2:$C$300,$B$66,Auxiliar!K$1:K$300)/COUNTIF(RESPOSTAS!$C$2:$C$300,$B$66),2)),"") | ... AQ66: =IFERROR(IF(ROUND(SUMIF(RESPOSTAS!$C$2:$C$300,$B$66,Auxiliar!AR$1:AR$300)/COUNTIF(RESPOSTAS!$C$2:$C$300,$B$66),2)=0,"",ROUND(SUMIF(RESPOSTAS!$C$2:$C$300,$B$66,Auxiliar!AR$1:AR$300)/COUNTIF(RESPOSTAS!$C$2:$C$300,$B$66),2)),"")
A67: =IFERROR(IF(ROUND(AVERAGE(C67:AQ67,COUNT(C67:AQ67)),2)=0,"",ROUND(AVERAGE(C67:AQ67,COUNT(C67:AQ67)),2)),"") | C67: =IFERROR(IF(ROUND(SUMIF(RESPOSTAS!$C$2:$C$300,$B$67,Auxiliar!D$1:D$300)/COUNTIF(RESPOSTAS!$C$2:$C$300,$B$67),2)=0,"",ROUND(SUMIF(RESPOSTAS!$C$2:$C$300,$B$67,Auxiliar!D$1:D$300)/COUNTIF(RESPOSTAS!$C$2:$C$300,$B$67),2)),"") | D67: =IFERROR(IF(ROUND(SUMIF(RESPOSTAS!$C$2:$C$300,$B$67,Auxiliar!E$1:E$300)/COUNTIF(RESPOSTAS!$C$2:$C$300,$B$67),2)=0,"",ROUND(SUMIF(RESPOSTAS!$C$2:$C$300,$B$67,Auxiliar!E$1:E$300)/COUNTIF(RESPOSTAS!$C$2:$C$300,$B$67),2)),"") | E67: =IFERROR(IF(ROUND(SUMIF(RESPOSTAS!$C$2:$C$300,$B$67,Auxiliar!F$1:F$300)/COUNTIF(RESPOSTAS!$C$2:$C$300,$B$67),2)=0,"",ROUND(SUMIF(RESPOSTAS!$C$2:$C$300,$B$67,Auxiliar!F$1:F$300)/COUNTIF(RESPOSTAS!$C$2:$C$300,$B$67),2)),"") | F67: =IFERROR(IF(ROUND(SUMIF(RESPOSTAS!$C$2:$C$300,$B$67,Auxiliar!G$1:G$300)/COUNTIF(RESPOSTAS!$C$2:$C$300,$B$67),2)=0,"",ROUND(SUMIF(RESPOSTAS!$C$2:$C$300,$B$67,Auxiliar!G$1:G$300)/COUNTIF(RESPOSTAS!$C$2:$C$300,$B$67),2)),"") | G67: =IFERROR(IF(ROUND(SUMIF(RESPOSTAS!$C$2:$C$300,$B$67,Auxiliar!H$1:H$300)/COUNTIF(RESPOSTAS!$C$2:$C$300,$B$67),2)=0,"",ROUND(SUMIF(RESPOSTAS!$C$2:$C$300,$B$67,Auxiliar!H$1:H$300)/COUNTIF(RESPOSTAS!$C$2:$C$300,$B$67),2)),"") | H67: =IFERROR(IF(ROUND(SUMIF(RESPOSTAS!$C$2:$C$300,$B$67,Auxiliar!I$1:I$300)/COUNTIF(RESPOSTAS!$C$2:$C$300,$B$67),2)=0,"",ROUND(SUMIF(RESPOSTAS!$C$2:$C$300,$B$67,Auxiliar!I$1:I$300)/COUNTIF(RESPOSTAS!$C$2:$C$300,$B$67),2)),"") | I67: =IFERROR(IF(ROUND(SUMIF(RESPOSTAS!$C$2:$C$300,$B$67,Auxiliar!J$1:J$300)/COUNTIF(RESPOSTAS!$C$2:$C$300,$B$67),2)=0,"",ROUND(SUMIF(RESPOSTAS!$C$2:$C$300,$B$67,Auxiliar!J$1:J$300)/COUNTIF(RESPOSTAS!$C$2:$C$300,$B$67),2)),"") | J67: =IFERROR(IF(ROUND(SUMIF(RESPOSTAS!$C$2:$C$300,$B$67,Auxiliar!K$1:K$300)/COUNTIF(RESPOSTAS!$C$2:$C$300,$B$67),2)=0,"",ROUND(SUMIF(RESPOSTAS!$C$2:$C$300,$B$67,Auxiliar!K$1:K$300)/COUNTIF(RESPOSTAS!$C$2:$C$300,$B$67),2)),"") | ... AQ67: =IFERROR(IF(ROUND(SUMIF(RESPOSTAS!$C$2:$C$300,$B$67,Auxiliar!AR$1:AR$300)/COUNTIF(RESPOSTAS!$C$2:$C$300,$B$67),2)=0,"",ROUND(SUMIF(RESPOSTAS!$C$2:$C$300,$B$67,Auxiliar!AR$1:AR$300)/COUNTIF(RESPOSTAS!$C$2:$C$300,$B$67),2)),"")
A68: =IFERROR(IF(ROUND(AVERAGE(C68:AQ68,COUNT(C68:AQ68)),2)=0,"",ROUND(AVERAGE(C68:AQ68,COUNT(C68:AQ68)),2)),"") | C68: =IFERROR(IF(ROUND(SUMIF(RESPOSTAS!$C$2:$C$300,$B$68,Auxiliar!D$1:D$300)/COUNTIF(RESPOSTAS!$C$2:$C$300,$B$68),2)=0,"",ROUND(SUMIF(RESPOSTAS!$C$2:$C$300,$B$68,Auxiliar!D$1:D$300)/COUNTIF(RESPOSTAS!$C$2:$C$300,$B$68),2)),"") | D68: =IFERROR(IF(ROUND(SUMIF(RESPOSTAS!$C$2:$C$300,$B$68,Auxiliar!E$1:E$300)/COUNTIF(RESPOSTAS!$C$2:$C$300,$B$68),2)=0,"",ROUND(SUMIF(RESPOSTAS!$C$2:$C$300,$B$68,Auxiliar!E$1:E$300)/COUNTIF(RESPOSTAS!$C$2:$C$300,$B$68),2)),"") | E68: =IFERROR(IF(ROUND(SUMIF(RESPOSTAS!$C$2:$C$300,$B$68,Auxiliar!F$1:F$300)/COUNTIF(RESPOSTAS!$C$2:$C$300,$B$68),2)=0,"",ROUND(SUMIF(RESPOSTAS!$C$2:$C$300,$B$68,Auxiliar!F$1:F$300)/COUNTIF(RESPOSTAS!$C$2:$C$300,$B$68),2)),"") | F68: =IFERROR(IF(ROUND(SUMIF(RESPOSTAS!$C$2:$C$300,$B$68,Auxiliar!G$1:G$300)/COUNTIF(RESPOSTAS!$C$2:$C$300,$B$68),2)=0,"",ROUND(SUMIF(RESPOSTAS!$C$2:$C$300,$B$68,Auxiliar!G$1:G$300)/COUNTIF(RESPOSTAS!$C$2:$C$300,$B$68),2)),"") | G68: =IFERROR(IF(ROUND(SUMIF(RESPOSTAS!$C$2:$C$300,$B$68,Auxiliar!H$1:H$300)/COUNTIF(RESPOSTAS!$C$2:$C$300,$B$68),2)=0,"",ROUND(SUMIF(RESPOSTAS!$C$2:$C$300,$B$68,Auxiliar!H$1:H$300)/COUNTIF(RESPOSTAS!$C$2:$C$300,$B$68),2)),"") | H68: =IFERROR(IF(ROUND(SUMIF(RESPOSTAS!$C$2:$C$300,$B$68,Auxiliar!I$1:I$300)/COUNTIF(RESPOSTAS!$C$2:$C$300,$B$68),2)=0,"",ROUND(SUMIF(RESPOSTAS!$C$2:$C$300,$B$68,Auxiliar!I$1:I$300)/COUNTIF(RESPOSTAS!$C$2:$C$300,$B$68),2)),"") | I68: =IFERROR(IF(ROUND(SUMIF(RESPOSTAS!$C$2:$C$300,$B$68,Auxiliar!J$1:J$300)/COUNTIF(RESPOSTAS!$C$2:$C$300,$B$68),2)=0,"",ROUND(SUMIF(RESPOSTAS!$C$2:$C$300,$B$68,Auxiliar!J$1:J$300)/COUNTIF(RESPOSTAS!$C$2:$C$300,$B$68),2)),"") | J68: =IFERROR(IF(ROUND(SUMIF(RESPOSTAS!$C$2:$C$300,$B$68,Auxiliar!K$1:K$300)/COUNTIF(RESPOSTAS!$C$2:$C$300,$B$68),2)=0,"",ROUND(SUMIF(RESPOSTAS!$C$2:$C$300,$B$68,Auxiliar!K$1:K$300)/COUNTIF(RESPOSTAS!$C$2:$C$300,$B$68),2)),"") | ... AQ68: =IFERROR(IF(ROUND(SUMIF(RESPOSTAS!$C$2:$C$300,$B$68,Auxiliar!AR$1:AR$300)/COUNTIF(RESPOSTAS!$C$2:$C$300,$B$68),2)=0,"",ROUND(SUMIF(RESPOSTAS!$C$2:$C$300,$B$68,Auxiliar!AR$1:AR$300)/COUNTIF(RESPOSTAS!$C$2:$C$300,$B$68),2)),"")
A69: =IFERROR(IF(ROUND(AVERAGE(C69:AQ69,COUNT(C69:AQ69)),2)=0,"",ROUND(AVERAGE(C69:AQ69,COUNT(C69:AQ69)),2)),"") | C69: =IFERROR(IF(ROUND(SUMIF(RESPOSTAS!$C$2:$C$300,$B$69,Auxiliar!D$1:D$300)/COUNTIF(RESPOSTAS!$C$2:$C$300,$B$69),2)=0,"",ROUND(SUMIF(RESPOSTAS!$C$2:$C$300,$B$69,Auxiliar!D$1:D$300)/COUNTIF(RESPOSTAS!$C$2:$C$300,$B$69),2)),"") | D69: =IFERROR(IF(ROUND(SUMIF(RESPOSTAS!$C$2:$C$300,$B$69,Auxiliar!E$1:E$300)/COUNTIF(RESPOSTAS!$C$2:$C$300,$B$69),2)=0,"",ROUND(SUMIF(RESPOSTAS!$C$2:$C$300,$B$69,Auxiliar!E$1:E$300)/COUNTIF(RESPOSTAS!$C$2:$C$300,$B$69),2)),"") | E69: =IFERROR(IF(ROUND(SUMIF(RESPOSTAS!$C$2:$C$300,$B$69,Auxiliar!F$1:F$300)/COUNTIF(RESPOSTAS!$C$2:$C$300,$B$69),2)=0,"",ROUND(SUMIF(RESPOSTAS!$C$2:$C$300,$B$69,Auxiliar!F$1:F$300)/COUNTIF(RESPOSTAS!$C$2:$C$300,$B$69),2)),"") | F69: =IFERROR(IF(ROUND(SUMIF(RESPOSTAS!$C$2:$C$300,$B$69,Auxiliar!G$1:G$300)/COUNTIF(RESPOSTAS!$C$2:$C$300,$B$69),2)=0,"",ROUND(SUMIF(RESPOSTAS!$C$2:$C$300,$B$69,Auxiliar!G$1:G$300)/COUNTIF(RESPOSTAS!$C$2:$C$300,$B$69),2)),"") | G69: =IFERROR(IF(ROUND(SUMIF(RESPOSTAS!$C$2:$C$300,$B$69,Auxiliar!H$1:H$300)/COUNTIF(RESPOSTAS!$C$2:$C$300,$B$69),2)=0,"",ROUND(SUMIF(RESPOSTAS!$C$2:$C$300,$B$69,Auxiliar!H$1:H$300)/COUNTIF(RESPOSTAS!$C$2:$C$300,$B$69),2)),"") | H69: =IFERROR(IF(ROUND(SUMIF(RESPOSTAS!$C$2:$C$300,$B$69,Auxiliar!I$1:I$300)/COUNTIF(RESPOSTAS!$C$2:$C$300,$B$69),2)=0,"",ROUND(SUMIF(RESPOSTAS!$C$2:$C$300,$B$69,Auxiliar!I$1:I$300)/COUNTIF(RESPOSTAS!$C$2:$C$300,$B$69),2)),"") | I69: =IFERROR(IF(ROUND(SUMIF(RESPOSTAS!$C$2:$C$300,$B$69,Auxiliar!J$1:J$300)/COUNTIF(RESPOSTAS!$C$2:$C$300,$B$69),2)=0,"",ROUND(SUMIF(RESPOSTAS!$C$2:$C$300,$B$69,Auxiliar!J$1:J$300)/COUNTIF(RESPOSTAS!$C$2:$C$300,$B$69),2)),"") | J69: =IFERROR(IF(ROUND(SUMIF(RESPOSTAS!$C$2:$C$300,$B$69,Auxiliar!K$1:K$300)/COUNTIF(RESPOSTAS!$C$2:$C$300,$B$69),2)=0,"",ROUND(SUMIF(RESPOSTAS!$C$2:$C$300,$B$69,Auxiliar!K$1:K$300)/COUNTIF(RESPOSTAS!$C$2:$C$300,$B$69),2)),"") | ... AQ69: =IFERROR(IF(ROUND(SUMIF(RESPOSTAS!$C$2:$C$300,$B$69,Auxiliar!AR$1:AR$300)/COUNTIF(RESPOSTAS!$C$2:$C$300,$B$69),2)=0,"",ROUND(SUMIF(RESPOSTAS!$C$2:$C$300,$B$69,Auxiliar!AR$1:AR$300)/COUNTIF(RESPOSTAS!$C$2:$C$300,$B$69),2)),"")
A70: =IFERROR(IF(ROUND(AVERAGE(C70:AQ70,COUNT(C70:AQ70)),2)=0,"",ROUND(AVERAGE(C70:AQ70,COUNT(C70:AQ70)),2)),"") | C70: =IFERROR(IF(ROUND(SUMIF(RESPOSTAS!$C$2:$C$300,$B$70,Auxiliar!D$1:D$300)/COUNTIF(RESPOSTAS!$C$2:$C$300,$B$70),2)=0,"",ROUND(SUMIF(RESPOSTAS!$C$2:$C$300,$B$70,Auxiliar!D$1:D$300)/COUNTIF(RESPOSTAS!$C$2:$C$300,$B$70),2)),"") | D70: =IFERROR(IF(ROUND(SUMIF(RESPOSTAS!$C$2:$C$300,$B$70,Auxiliar!E$1:E$300)/COUNTIF(RESPOSTAS!$C$2:$C$300,$B$70),2)=0,"",ROUND(SUMIF(RESPOSTAS!$C$2:$C$300,$B$70,Auxiliar!E$1:E$300)/COUNTIF(RESPOSTAS!$C$2:$C$300,$B$70),2)),"") | E70: =IFERROR(IF(ROUND(SUMIF(RESPOSTAS!$C$2:$C$300,$B$70,Auxiliar!F$1:F$300)/COUNTIF(RESPOSTAS!$C$2:$C$300,$B$70),2)=0,"",ROUND(SUMIF(RESPOSTAS!$C$2:$C$300,$B$70,Auxiliar!F$1:F$300)/COUNTIF(RESPOSTAS!$C$2:$C$300,$B$70),2)),"") | F70: =IFERROR(IF(ROUND(SUMIF(RESPOSTAS!$C$2:$C$300,$B$70,Auxiliar!G$1:G$300)/COUNTIF(RESPOSTAS!$C$2:$C$300,$B$70),2)=0,"",ROUND(SUMIF(RESPOSTAS!$C$2:$C$300,$B$70,Auxiliar!G$1:G$300)/COUNTIF(RESPOSTAS!$C$2:$C$300,$B$70),2)),"") | G70: =IFERROR(IF(ROUND(SUMIF(RESPOSTAS!$C$2:$C$300,$B$70,Auxiliar!H$1:H$300)/COUNTIF(RESPOSTAS!$C$2:$C$300,$B$70),2)=0,"",ROUND(SUMIF(RESPOSTAS!$C$2:$C$300,$B$70,Auxiliar!H$1:H$300)/COUNTIF(RESPOSTAS!$C$2:$C$300,$B$70),2)),"") | H70: =IFERROR(IF(ROUND(SUMIF(RESPOSTAS!$C$2:$C$300,$B$70,Auxiliar!I$1:I$300)/COUNTIF(RESPOSTAS!$C$2:$C$300,$B$70),2)=0,"",ROUND(SUMIF(RESPOSTAS!$C$2:$C$300,$B$70,Auxiliar!I$1:I$300)/COUNTIF(RESPOSTAS!$C$2:$C$300,$B$70),2)),"") | I70: =IFERROR(IF(ROUND(SUMIF(RESPOSTAS!$C$2:$C$300,$B$70,Auxiliar!J$1:J$300)/COUNTIF(RESPOSTAS!$C$2:$C$300,$B$70),2)=0,"",ROUND(SUMIF(RESPOSTAS!$C$2:$C$300,$B$70,Auxiliar!J$1:J$300)/COUNTIF(RESPOSTAS!$C$2:$C$300,$B$70),2)),"") | J70: =IFERROR(IF(ROUND(SUMIF(RESPOSTAS!$C$2:$C$300,$B$70,Auxiliar!K$1:K$300)/COUNTIF(RESPOSTAS!$C$2:$C$300,$B$70),2)=0,"",ROUND(SUMIF(RESPOSTAS!$C$2:$C$300,$B$70,Auxiliar!K$1:K$300)/COUNTIF(RESPOSTAS!$C$2:$C$300,$B$70),2)),"") | ... AQ70: =IFERROR(IF(ROUND(SUMIF(RESPOSTAS!$C$2:$C$300,$B$70,Auxiliar!AR$1:AR$300)/COUNTIF(RESPOSTAS!$C$2:$C$300,$B$70),2)=0,"",ROUND(SUMIF(RESPOSTAS!$C$2:$C$300,$B$70,Auxiliar!AR$1:AR$300)/COUNTIF(RESPOSTAS!$C$2:$C$300,$B$70),2)),"")
A71: =IFERROR(IF(ROUND(AVERAGE(C71:AQ71,COUNT(C71:AQ71)),2)=0,"",ROUND(AVERAGE(C71:AQ71,COUNT(C71:AQ71)),2)),"") | C71: =IFERROR(IF(ROUND(SUMIF(RESPOSTAS!$C$2:$C$300,$B$71,Auxiliar!D$1:D$300)/COUNTIF(RESPOSTAS!$C$2:$C$300,$B$71),2)=0,"",ROUND(SUMIF(RESPOSTAS!$C$2:$C$300,$B$71,Auxiliar!D$1:D$300)/COUNTIF(RESPOSTAS!$C$2:$C$300,$B$71),2)),"") | D71: =IFERROR(IF(ROUND(SUMIF(RESPOSTAS!$C$2:$C$300,$B$71,Auxiliar!E$1:E$300)/COUNTIF(RESPOSTAS!$C$2:$C$300,$B$71),2)=0,"",ROUND(SUMIF(RESPOSTAS!$C$2:$C$300,$B$71,Auxiliar!E$1:E$300)/COUNTIF(RESPOSTAS!$C$2:$C$300,$B$71),2)),"") | E71: =IFERROR(IF(ROUND(SUMIF(RESPOSTAS!$C$2:$C$300,$B$71,Auxiliar!F$1:F$300)/COUNTIF(RESPOSTAS!$C$2:$C$300,$B$71),2)=0,"",ROUND(SUMIF(RESPOSTAS!$C$2:$C$300,$B$71,Auxiliar!F$1:F$300)/COUNTIF(RESPOSTAS!$C$2:$C$300,$B$71),2)),"") | F71: =IFERROR(IF(ROUND(SUMIF(RESPOSTAS!$C$2:$C$300,$B$71,Auxiliar!G$1:G$300)/COUNTIF(RESPOSTAS!$C$2:$C$300,$B$71),2)=0,"",ROUND(SUMIF(RESPOSTAS!$C$2:$C$300,$B$71,Auxiliar!G$1:G$300)/COUNTIF(RESPOSTAS!$C$2:$C$300,$B$71),2)),"") | G71: =IFERROR(IF(ROUND(SUMIF(RESPOSTAS!$C$2:$C$300,$B$71,Auxiliar!H$1:H$300)/COUNTIF(RESPOSTAS!$C$2:$C$300,$B$71),2)=0,"",ROUND(SUMIF(RESPOSTAS!$C$2:$C$300,$B$71,Auxiliar!H$1:H$300)/COUNTIF(RESPOSTAS!$C$2:$C$300,$B$71),2)),"") | H71: =IFERROR(IF(ROUND(SUMIF(RESPOSTAS!$C$2:$C$300,$B$71,Auxiliar!I$1:I$300)/COUNTIF(RESPOSTAS!$C$2:$C$300,$B$71),2)=0,"",ROUND(SUMIF(RESPOSTAS!$C$2:$C$300,$B$71,Auxiliar!I$1:I$300)/COUNTIF(RESPOSTAS!$C$2:$C$300,$B$71),2)),"") | I71: =IFERROR(IF(ROUND(SUMIF(RESPOSTAS!$C$2:$C$300,$B$71,Auxiliar!J$1:J$300)/COUNTIF(RESPOSTAS!$C$2:$C$300,$B$71),2)=0,"",ROUND(SUMIF(RESPOSTAS!$C$2:$C$300,$B$71,Auxiliar!J$1:J$300)/COUNTIF(RESPOSTAS!$C$2:$C$300,$B$71),2)),"") | J71: =IFERROR(IF(ROUND(SUMIF(RESPOSTAS!$C$2:$C$300,$B$71,Auxiliar!K$1:K$300)/COUNTIF(RESPOSTAS!$C$2:$C$300,$B$71),2)=0,"",ROUND(SUMIF(RESPOSTAS!$C$2:$C$300,$B$71,Auxiliar!K$1:K$300)/COUNTIF(RESPOSTAS!$C$2:$C$300,$B$71),2)),"") | ... AQ71: =IFERROR(IF(ROUND(SUMIF(RESPOSTAS!$C$2:$C$300,$B$71,Auxiliar!AR$1:AR$300)/COUNTIF(RESPOSTAS!$C$2:$C$300,$B$71),2)=0,"",ROUND(SUMIF(RESPOSTAS!$C$2:$C$300,$B$71,Auxiliar!AR$1:AR$300)/COUNTIF(RESPOSTAS!$C$2:$C$300,$B$71),2)),"")
A72: =IFERROR(IF(ROUND(AVERAGE(C72:AQ72,COUNT(C72:AQ72)),2)=0,"",ROUND(AVERAGE(C72:AQ72,COUNT(C72:AQ72)),2)),"") | C72: =IFERROR(IF(ROUND(SUMIF(RESPOSTAS!$C$2:$C$300,$B$72,Auxiliar!D$1:D$300)/COUNTIF(RESPOSTAS!$C$2:$C$300,$B$72),2)=0,"",ROUND(SUMIF(RESPOSTAS!$C$2:$C$300,$B$72,Auxiliar!D$1:D$300)/COUNTIF(RESPOSTAS!$C$2:$C$300,$B$72),2)),"") | D72: =IFERROR(IF(ROUND(SUMIF(RESPOSTAS!$C$2:$C$300,$B$72,Auxiliar!E$1:E$300)/COUNTIF(RESPOSTAS!$C$2:$C$300,$B$72),2)=0,"",ROUND(SUMIF(RESPOSTAS!$C$2:$C$300,$B$72,Auxiliar!E$1:E$300)/COUNTIF(RESPOSTAS!$C$2:$C$300,$B$72),2)),"") | E72: =IFERROR(IF(ROUND(SUMIF(RESPOSTAS!$C$2:$C$300,$B$72,Auxiliar!F$1:F$300)/COUNTIF(RESPOSTAS!$C$2:$C$300,$B$72),2)=0,"",ROUND(SUMIF(RESPOSTAS!$C$2:$C$300,$B$72,Auxiliar!F$1:F$300)/COUNTIF(RESPOSTAS!$C$2:$C$300,$B$72),2)),"") | F72: =IFERROR(IF(ROUND(SUMIF(RESPOSTAS!$C$2:$C$300,$B$72,Auxiliar!G$1:G$300)/COUNTIF(RESPOSTAS!$C$2:$C$300,$B$72),2)=0,"",ROUND(SUMIF(RESPOSTAS!$C$2:$C$300,$B$72,Auxiliar!G$1:G$300)/COUNTIF(RESPOSTAS!$C$2:$C$300,$B$72),2)),"") | G72: =IFERROR(IF(ROUND(SUMIF(RESPOSTAS!$C$2:$C$300,$B$72,Auxiliar!H$1:H$300)/COUNTIF(RESPOSTAS!$C$2:$C$300,$B$72),2)=0,"",ROUND(SUMIF(RESPOSTAS!$C$2:$C$300,$B$72,Auxiliar!H$1:H$300)/COUNTIF(RESPOSTAS!$C$2:$C$300,$B$72),2)),"") | H72: =IFERROR(IF(ROUND(SUMIF(RESPOSTAS!$C$2:$C$300,$B$72,Auxiliar!I$1:I$300)/COUNTIF(RESPOSTAS!$C$2:$C$300,$B$72),2)=0,"",ROUND(SUMIF(RESPOSTAS!$C$2:$C$300,$B$72,Auxiliar!I$1:I$300)/COUNTIF(RESPOSTAS!$C$2:$C$300,$B$72),2)),"") | I72: =IFERROR(IF(ROUND(SUMIF(RESPOSTAS!$C$2:$C$300,$B$72,Auxiliar!J$1:J$300)/COUNTIF(RESPOSTAS!$C$2:$C$300,$B$72),2)=0,"",ROUND(SUMIF(RESPOSTAS!$C$2:$C$300,$B$72,Auxiliar!J$1:J$300)/COUNTIF(RESPOSTAS!$C$2:$C$300,$B$72),2)),"") | J72: =IFERROR(IF(ROUND(SUMIF(RESPOSTAS!$C$2:$C$300,$B$72,Auxiliar!K$1:K$300)/COUNTIF(RESPOSTAS!$C$2:$C$300,$B$72),2)=0,"",ROUND(SUMIF(RESPOSTAS!$C$2:$C$300,$B$72,Auxiliar!K$1:K$300)/COUNTIF(RESPOSTAS!$C$2:$C$300,$B$72),2)),"") | ... AQ72: =IFERROR(IF(ROUND(SUMIF(RESPOSTAS!$C$2:$C$300,$B$72,Auxiliar!AR$1:AR$300)/COUNTIF(RESPOSTAS!$C$2:$C$300,$B$72),2)=0,"",ROUND(SUMIF(RESPOSTAS!$C$2:$C$300,$B$72,Auxiliar!AR$1:AR$300)/COUNTIF(RESPOSTAS!$C$2:$C$300,$B$72),2)),"")
A73: =IFERROR(IF(ROUND(AVERAGE(C73:AQ73,COUNT(C73:AQ73)),2)=0,"",ROUND(AVERAGE(C73:AQ73,COUNT(C73:AQ73)),2)),"") | C73: =IFERROR(IF(ROUND(SUMIF(RESPOSTAS!$C$2:$C$300,$B$73,Auxiliar!D$1:D$300)/COUNTIF(RESPOSTAS!$C$2:$C$300,$B$73),2)=0,"",ROUND(SUMIF(RESPOSTAS!$C$2:$C$300,$B$73,Auxiliar!D$1:D$300)/COUNTIF(RESPOSTAS!$C$2:$C$300,$B$73),2)),"") | D73: =IFERROR(IF(ROUND(SUMIF(RESPOSTAS!$C$2:$C$300,$B$73,Auxiliar!E$1:E$300)/COUNTIF(RESPOSTAS!$C$2:$C$300,$B$73),2)=0,"",ROUND(SUMIF(RESPOSTAS!$C$2:$C$300,$B$73,Auxiliar!E$1:E$300)/COUNTIF(RESPOSTAS!$C$2:$C$300,$B$73),2)),"") | E73: =IFERROR(IF(ROUND(SUMIF(RESPOSTAS!$C$2:$C$300,$B$73,Auxiliar!F$1:F$300)/COUNTIF(RESPOSTAS!$C$2:$C$300,$B$73),2)=0,"",ROUND(SUMIF(RESPOSTAS!$C$2:$C$300,$B$73,Auxiliar!F$1:F$300)/COUNTIF(RESPOSTAS!$C$2:$C$300,$B$73),2)),"") | F73: =IFERROR(IF(ROUND(SUMIF(RESPOSTAS!$C$2:$C$300,$B$73,Auxiliar!G$1:G$300)/COUNTIF(RESPOSTAS!$C$2:$C$300,$B$73),2)=0,"",ROUND(SUMIF(RESPOSTAS!$C$2:$C$300,$B$73,Auxiliar!G$1:G$300)/COUNTIF(RESPOSTAS!$C$2:$C$300,$B$73),2)),"") | G73: =IFERROR(IF(ROUND(SUMIF(RESPOSTAS!$C$2:$C$300,$B$73,Auxiliar!H$1:H$300)/COUNTIF(RESPOSTAS!$C$2:$C$300,$B$73),2)=0,"",ROUND(SUMIF(RESPOSTAS!$C$2:$C$300,$B$73,Auxiliar!H$1:H$300)/COUNTIF(RESPOSTAS!$C$2:$C$300,$B$73),2)),"") | H73: =IFERROR(IF(ROUND(SUMIF(RESPOSTAS!$C$2:$C$300,$B$73,Auxiliar!I$1:I$300)/COUNTIF(RESPOSTAS!$C$2:$C$300,$B$73),2)=0,"",ROUND(SUMIF(RESPOSTAS!$C$2:$C$300,$B$73,Auxiliar!I$1:I$300)/COUNTIF(RESPOSTAS!$C$2:$C$300,$B$73),2)),"") | I73: =IFERROR(IF(ROUND(SUMIF(RESPOSTAS!$C$2:$C$300,$B$73,Auxiliar!J$1:J$300)/COUNTIF(RESPOSTAS!$C$2:$C$300,$B$73),2)=0,"",ROUND(SUMIF(RESPOSTAS!$C$2:$C$300,$B$73,Auxiliar!J$1:J$300)/COUNTIF(RESPOSTAS!$C$2:$C$300,$B$73),2)),"") | J73: =IFERROR(IF(ROUND(SUMIF(RESPOSTAS!$C$2:$C$300,$B$73,Auxiliar!K$1:K$300)/COUNTIF(RESPOSTAS!$C$2:$C$300,$B$73),2)=0,"",ROUND(SUMIF(RESPOSTAS!$C$2:$C$300,$B$73,Auxiliar!K$1:K$300)/COUNTIF(RESPOSTAS!$C$2:$C$300,$B$73),2)),"") | ... AQ73: =IFERROR(IF(ROUND(SUMIF(RESPOSTAS!$C$2:$C$300,$B$73,Auxiliar!AR$1:AR$300)/COUNTIF(RESPOSTAS!$C$2:$C$300,$B$73),2)=0,"",ROUND(SUMIF(RESPOSTAS!$C$2:$C$300,$B$73,Auxiliar!AR$1:AR$300)/COUNTIF(RESPOSTAS!$C$2:$C$300,$B$73),2)),"")
A74: =IFERROR(IF(ROUND(AVERAGE(C74:AQ74,COUNT(C74:AQ74)),2)=0,"",ROUND(AVERAGE(C74:AQ74,COUNT(C74:AQ74)),2)),"") | C74: =IFERROR(IF(ROUND(SUMIF(RESPOSTAS!$C$2:$C$300,$B$74,Auxiliar!D$1:D$300)/COUNTIF(RESPOSTAS!$C$2:$C$300,$B$74),2)=0,"",ROUND(SUMIF(RESPOSTAS!$C$2:$C$300,$B$74,Auxiliar!D$1:D$300)/COUNTIF(RESPOSTAS!$C$2:$C$300,$B$74),2)),"") | D74: =IFERROR(IF(ROUND(SUMIF(RESPOSTAS!$C$2:$C$300,$B$74,Auxiliar!E$1:E$300)/COUNTIF(RESPOSTAS!$C$2:$C$300,$B$74),2)=0,"",ROUND(SUMIF(RESPOSTAS!$C$2:$C$300,$B$74,Auxiliar!E$1:E$300)/COUNTIF(RESPOSTAS!$C$2:$C$300,$B$74),2)),"") | E74: =IFERROR(IF(ROUND(SUMIF(RESPOSTAS!$C$2:$C$300,$B$74,Auxiliar!F$1:F$300)/COUNTIF(RESPOSTAS!$C$2:$C$300,$B$74),2)=0,"",ROUND(SUMIF(RESPOSTAS!$C$2:$C$300,$B$74,Auxiliar!F$1:F$300)/COUNTIF(RESPOSTAS!$C$2:$C$300,$B$74),2)),"") | F74: =IFERROR(IF(ROUND(SUMIF(RESPOSTAS!$C$2:$C$300,$B$74,Auxiliar!G$1:G$300)/COUNTIF(RESPOSTAS!$C$2:$C$300,$B$74),2)=0,"",ROUND(SUMIF(RESPOSTAS!$C$2:$C$300,$B$74,Auxiliar!G$1:G$300)/COUNTIF(RESPOSTAS!$C$2:$C$300,$B$74),2)),"") | G74: =IFERROR(IF(ROUND(SUMIF(RESPOSTAS!$C$2:$C$300,$B$74,Auxiliar!H$1:H$300)/COUNTIF(RESPOSTAS!$C$2:$C$300,$B$74),2)=0,"",ROUND(SUMIF(RESPOSTAS!$C$2:$C$300,$B$74,Auxiliar!H$1:H$300)/COUNTIF(RESPOSTAS!$C$2:$C$300,$B$74),2)),"") | H74: =IFERROR(IF(ROUND(SUMIF(RESPOSTAS!$C$2:$C$300,$B$74,Auxiliar!I$1:I$300)/COUNTIF(RESPOSTAS!$C$2:$C$300,$B$74),2)=0,"",ROUND(SUMIF(RESPOSTAS!$C$2:$C$300,$B$74,Auxiliar!I$1:I$300)/COUNTIF(RESPOSTAS!$C$2:$C$300,$B$74),2)),"") | I74: =IFERROR(IF(ROUND(SUMIF(RESPOSTAS!$C$2:$C$300,$B$74,Auxiliar!J$1:J$300)/COUNTIF(RESPOSTAS!$C$2:$C$300,$B$74),2)=0,"",ROUND(SUMIF(RESPOSTAS!$C$2:$C$300,$B$74,Auxiliar!J$1:J$300)/COUNTIF(RESPOSTAS!$C$2:$C$300,$B$74),2)),"") | J74: =IFERROR(IF(ROUND(SUMIF(RESPOSTAS!$C$2:$C$300,$B$74,Auxiliar!K$1:K$300)/COUNTIF(RESPOSTAS!$C$2:$C$300,$B$74),2)=0,"",ROUND(SUMIF(RESPOSTAS!$C$2:$C$300,$B$74,Auxiliar!K$1:K$300)/COUNTIF(RESPOSTAS!$C$2:$C$300,$B$74),2)),"") | ... AQ74: =IFERROR(IF(ROUND(SUMIF(RESPOSTAS!$C$2:$C$300,$B$74,Auxiliar!AR$1:AR$300)/COUNTIF(RESPOSTAS!$C$2:$C$300,$B$74),2)=0,"",ROUND(SUMIF(RESPOSTAS!$C$2:$C$300,$B$74,Auxiliar!AR$1:AR$300)/COUNTIF(RESPOSTAS!$C$2:$C$300,$B$74),2)),"")
A75: =IFERROR(IF(ROUND(AVERAGE(C75:AQ75,COUNT(C75:AQ75)),2)=0,"",ROUND(AVERAGE(C75:AQ75,COUNT(C75:AQ75)),2)),"") | C75: =IFERROR(IF(ROUND(SUMIF(RESPOSTAS!$C$2:$C$300,$B$75,Auxiliar!D$1:D$300)/COUNTIF(RESPOSTAS!$C$2:$C$300,$B$75),2)=0,"",ROUND(SUMIF(RESPOSTAS!$C$2:$C$300,$B$75,Auxiliar!D$1:D$300)/COUNTIF(RESPOSTAS!$C$2:$C$300,$B$75),2)),"") | D75: =IFERROR(IF(ROUND(SUMIF(RESPOSTAS!$C$2:$C$300,$B$75,Auxiliar!E$1:E$300)/COUNTIF(RESPOSTAS!$C$2:$C$300,$B$75),2)=0,"",ROUND(SUMIF(RESPOSTAS!$C$2:$C$300,$B$75,Auxiliar!E$1:E$300)/COUNTIF(RESPOSTAS!$C$2:$C$300,$B$75),2)),"") | E75: =IFERROR(IF(ROUND(SUMIF(RESPOSTAS!$C$2:$C$300,$B$75,Auxiliar!F$1:F$300)/COUNTIF(RESPOSTAS!$C$2:$C$300,$B$75),2)=0,"",ROUND(SUMIF(RESPOSTAS!$C$2:$C$300,$B$75,Auxiliar!F$1:F$300)/COUNTIF(RESPOSTAS!$C$2:$C$300,$B$75),2)),"") | F75: =IFERROR(IF(ROUND(SUMIF(RESPOSTAS!$C$2:$C$300,$B$75,Auxiliar!G$1:G$300)/COUNTIF(RESPOSTAS!$C$2:$C$300,$B$75),2)=0,"",ROUND(SUMIF(RESPOSTAS!$C$2:$C$300,$B$75,Auxiliar!G$1:G$300)/COUNTIF(RESPOSTAS!$C$2:$C$300,$B$75),2)),"") | G75: =IFERROR(IF(ROUND(SUMIF(RESPOSTAS!$C$2:$C$300,$B$75,Auxiliar!H$1:H$300)/COUNTIF(RESPOSTAS!$C$2:$C$300,$B$75),2)=0,"",ROUND(SUMIF(RESPOSTAS!$C$2:$C$300,$B$75,Auxiliar!H$1:H$300)/COUNTIF(RESPOSTAS!$C$2:$C$300,$B$75),2)),"") | H75: =IFERROR(IF(ROUND(SUMIF(RESPOSTAS!$C$2:$C$300,$B$75,Auxiliar!I$1:I$300)/COUNTIF(RESPOSTAS!$C$2:$C$300,$B$75),2)=0,"",ROUND(SUMIF(RESPOSTAS!$C$2:$C$300,$B$75,Auxiliar!I$1:I$300)/COUNTIF(RESPOSTAS!$C$2:$C$300,$B$75),2)),"") | I75: =IFERROR(IF(ROUND(SUMIF(RESPOSTAS!$C$2:$C$300,$B$75,Auxiliar!J$1:J$300)/COUNTIF(RESPOSTAS!$C$2:$C$300,$B$75),2)=0,"",ROUND(SUMIF(RESPOSTAS!$C$2:$C$300,$B$75,Auxiliar!J$1:J$300)/COUNTIF(RESPOSTAS!$C$2:$C$300,$B$75),2)),"") | J75: =IFERROR(IF(ROUND(SUMIF(RESPOSTAS!$C$2:$C$300,$B$75,Auxiliar!K$1:K$300)/COUNTIF(RESPOSTAS!$C$2:$C$300,$B$75),2)=0,"",ROUND(SUMIF(RESPOSTAS!$C$2:$C$300,$B$75,Auxiliar!K$1:K$300)/COUNTIF(RESPOSTAS!$C$2:$C$300,$B$75),2)),"") | ... AQ75: =IFERROR(IF(ROUND(SUMIF(RESPOSTAS!$C$2:$C$300,$B$75,Auxiliar!AR$1:AR$300)/COUNTIF(RESPOSTAS!$C$2:$C$300,$B$75),2)=0,"",ROUND(SUMIF(RESPOSTAS!$C$2:$C$300,$B$75,Auxiliar!AR$1:AR$300)/COUNTIF(RESPOSTAS!$C$2:$C$300,$B$75),2)),"")
A76: =IFERROR(IF(ROUND(AVERAGE(C76:AQ76,COUNT(C76:AQ76)),2)=0,"",ROUND(AVERAGE(C76:AQ76,COUNT(C76:AQ76)),2)),"") | C76: =IFERROR(IF(ROUND(SUMIF(RESPOSTAS!$C$2:$C$300,$B$76,Auxiliar!D$1:D$300)/COUNTIF(RESPOSTAS!$C$2:$C$300,$B$76),2)=0,"",ROUND(SUMIF(RESPOSTAS!$C$2:$C$300,$B$76,Auxiliar!D$1:D$300)/COUNTIF(RESPOSTAS!$C$2:$C$300,$B$76),2)),"") | D76: =IFERROR(IF(ROUND(SUMIF(RESPOSTAS!$C$2:$C$300,$B$76,Auxiliar!E$1:E$300)/COUNTIF(RESPOSTAS!$C$2:$C$300,$B$76),2)=0,"",ROUND(SUMIF(RESPOSTAS!$C$2:$C$300,$B$76,Auxiliar!E$1:E$300)/COUNTIF(RESPOSTAS!$C$2:$C$300,$B$76),2)),"") | E76: =IFERROR(IF(ROUND(SUMIF(RESPOSTAS!$C$2:$C$300,$B$76,Auxiliar!F$1:F$300)/COUNTIF(RESPOSTAS!$C$2:$C$300,$B$76),2)=0,"",ROUND(SUMIF(RESPOSTAS!$C$2:$C$300,$B$76,Auxiliar!F$1:F$300)/COUNTIF(RESPOSTAS!$C$2:$C$300,$B$76),2)),"") | F76: =IFERROR(IF(ROUND(SUMIF(RESPOSTAS!$C$2:$C$300,$B$76,Auxiliar!G$1:G$300)/COUNTIF(RESPOSTAS!$C$2:$C$300,$B$76),2)=0,"",ROUND(SUMIF(RESPOSTAS!$C$2:$C$300,$B$76,Auxiliar!G$1:G$300)/COUNTIF(RESPOSTAS!$C$2:$C$300,$B$76),2)),"") | G76: =IFERROR(IF(ROUND(SUMIF(RESPOSTAS!$C$2:$C$300,$B$76,Auxiliar!H$1:H$300)/COUNTIF(RESPOSTAS!$C$2:$C$300,$B$76),2)=0,"",ROUND(SUMIF(RESPOSTAS!$C$2:$C$300,$B$76,Auxiliar!H$1:H$300)/COUNTIF(RESPOSTAS!$C$2:$C$300,$B$76),2)),"") | H76: =IFERROR(IF(ROUND(SUMIF(RESPOSTAS!$C$2:$C$300,$B$76,Auxiliar!I$1:I$300)/COUNTIF(RESPOSTAS!$C$2:$C$300,$B$76),2)=0,"",ROUND(SUMIF(RESPOSTAS!$C$2:$C$300,$B$76,Auxiliar!I$1:I$300)/COUNTIF(RESPOSTAS!$C$2:$C$300,$B$76),2)),"") | I76: =IFERROR(IF(ROUND(SUMIF(RESPOSTAS!$C$2:$C$300,$B$76,Auxiliar!J$1:J$300)/COUNTIF(RESPOSTAS!$C$2:$C$300,$B$76),2)=0,"",ROUND(SUMIF(RESPOSTAS!$C$2:$C$300,$B$76,Auxiliar!J$1:J$300)/COUNTIF(RESPOSTAS!$C$2:$C$300,$B$76),2)),"") | J76: =IFERROR(IF(ROUND(SUMIF(RESPOSTAS!$C$2:$C$300,$B$76,Auxiliar!K$1:K$300)/COUNTIF(RESPOSTAS!$C$2:$C$300,$B$76),2)=0,"",ROUND(SUMIF(RESPOSTAS!$C$2:$C$300,$B$76,Auxiliar!K$1:K$300)/COUNTIF(RESPOSTAS!$C$2:$C$300,$B$76),2)),"") | ... AQ76: =IFERROR(IF(ROUND(SUMIF(RESPOSTAS!$C$2:$C$300,$B$76,Auxiliar!AR$1:AR$300)/COUNTIF(RESPOSTAS!$C$2:$C$300,$B$76),2)=0,"",ROUND(SUMIF(RESPOSTAS!$C$2:$C$300,$B$76,Auxiliar!AR$1:AR$300)/COUNTIF(RESPOSTAS!$C$2:$C$300,$B$76),2)),"")
A77: =IFERROR(IF(ROUND(AVERAGE(C77:AQ77,COUNT(C77:AQ77)),2)=0,"",ROUND(AVERAGE(C77:AQ77,COUNT(C77:AQ77)),2)),"") | C77: =IFERROR(IF(ROUND(SUMIF(RESPOSTAS!$C$2:$C$300,$B$77,Auxiliar!D$1:D$300)/COUNTIF(RESPOSTAS!$C$2:$C$300,$B$77),2)=0,"",ROUND(SUMIF(RESPOSTAS!$C$2:$C$300,$B$77,Auxiliar!D$1:D$300)/COUNTIF(RESPOSTAS!$C$2:$C$300,$B$77),2)),"") | D77: =IFERROR(IF(ROUND(SUMIF(RESPOSTAS!$C$2:$C$300,$B$77,Auxiliar!E$1:E$300)/COUNTIF(RESPOSTAS!$C$2:$C$300,$B$77),2)=0,"",ROUND(SUMIF(RESPOSTAS!$C$2:$C$300,$B$77,Auxiliar!E$1:E$300)/COUNTIF(RESPOSTAS!$C$2:$C$300,$B$77),2)),"") | E77: =IFERROR(IF(ROUND(SUMIF(RESPOSTAS!$C$2:$C$300,$B$77,Auxiliar!F$1:F$300)/COUNTIF(RESPOSTAS!$C$2:$C$300,$B$77),2)=0,"",ROUND(SUMIF(RESPOSTAS!$C$2:$C$300,$B$77,Auxiliar!F$1:F$300)/COUNTIF(RESPOSTAS!$C$2:$C$300,$B$77),2)),"") | F77: =IFERROR(IF(ROUND(SUMIF(RESPOSTAS!$C$2:$C$300,$B$77,Auxiliar!G$1:G$300)/COUNTIF(RESPOSTAS!$C$2:$C$300,$B$77),2)=0,"",ROUND(SUMIF(RESPOSTAS!$C$2:$C$300,$B$77,Auxiliar!G$1:G$300)/COUNTIF(RESPOSTAS!$C$2:$C$300,$B$77),2)),"") | G77: =IFERROR(IF(ROUND(SUMIF(RESPOSTAS!$C$2:$C$300,$B$77,Auxiliar!H$1:H$300)/COUNTIF(RESPOSTAS!$C$2:$C$300,$B$77),2)=0,"",ROUND(SUMIF(RESPOSTAS!$C$2:$C$300,$B$77,Auxiliar!H$1:H$300)/COUNTIF(RESPOSTAS!$C$2:$C$300,$B$77),2)),"") | H77: =IFERROR(IF(ROUND(SUMIF(RESPOSTAS!$C$2:$C$300,$B$77,Auxiliar!I$1:I$300)/COUNTIF(RESPOSTAS!$C$2:$C$300,$B$77),2)=0,"",ROUND(SUMIF(RESPOSTAS!$C$2:$C$300,$B$77,Auxiliar!I$1:I$300)/COUNTIF(RESPOSTAS!$C$2:$C$300,$B$77),2)),"") | I77: =IFERROR(IF(ROUND(SUMIF(RESPOSTAS!$C$2:$C$300,$B$77,Auxiliar!J$1:J$300)/COUNTIF(RESPOSTAS!$C$2:$C$300,$B$77),2)=0,"",ROUND(SUMIF(RESPOSTAS!$C$2:$C$300,$B$77,Auxiliar!J$1:J$300)/COUNTIF(RESPOSTAS!$C$2:$C$300,$B$77),2)),"") | J77: =IFERROR(IF(ROUND(SUMIF(RESPOSTAS!$C$2:$C$300,$B$77,Auxiliar!K$1:K$300)/COUNTIF(RESPOSTAS!$C$2:$C$300,$B$77),2)=0,"",ROUND(SUMIF(RESPOSTAS!$C$2:$C$300,$B$77,Auxiliar!K$1:K$300)/COUNTIF(RESPOSTAS!$C$2:$C$300,$B$77),2)),"") | ... AQ77: =IFERROR(IF(ROUND(SUMIF(RESPOSTAS!$C$2:$C$300,$B$77,Auxiliar!AR$1:AR$300)/COUNTIF(RESPOSTAS!$C$2:$C$300,$B$77),2)=0,"",ROUND(SUMIF(RESPOSTAS!$C$2:$C$300,$B$77,Auxiliar!AR$1:AR$300)/COUNTIF(RESPOSTAS!$C$2:$C$300,$B$77),2)),"")
A78: =IFERROR(IF(ROUND(AVERAGE(C78:AQ78,COUNT(C78:AQ78)),2)=0,"",ROUND(AVERAGE(C78:AQ78,COUNT(C78:AQ78)),2)),"") | C78: =IFERROR(IF(ROUND(SUMIF(RESPOSTAS!$C$2:$C$300,$B$78,Auxiliar!D$1:D$300)/COUNTIF(RESPOSTAS!$C$2:$C$300,$B$78),2)=0,"",ROUND(SUMIF(RESPOSTAS!$C$2:$C$300,$B$78,Auxiliar!D$1:D$300)/COUNTIF(RESPOSTAS!$C$2:$C$300,$B$78),2)),"") | D78: =IFERROR(IF(ROUND(SUMIF(RESPOSTAS!$C$2:$C$300,$B$78,Auxiliar!E$1:E$300)/COUNTIF(RESPOSTAS!$C$2:$C$300,$B$78),2)=0,"",ROUND(SUMIF(RESPOSTAS!$C$2:$C$300,$B$78,Auxiliar!E$1:E$300)/COUNTIF(RESPOSTAS!$C$2:$C$300,$B$78),2)),"") | E78: =IFERROR(IF(ROUND(SUMIF(RESPOSTAS!$C$2:$C$300,$B$78,Auxiliar!F$1:F$300)/COUNTIF(RESPOSTAS!$C$2:$C$300,$B$78),2)=0,"",ROUND(SUMIF(RESPOSTAS!$C$2:$C$300,$B$78,Auxiliar!F$1:F$300)/COUNTIF(RESPOSTAS!$C$2:$C$300,$B$78),2)),"") | F78: =IFERROR(IF(ROUND(SUMIF(RESPOSTAS!$C$2:$C$300,$B$78,Auxiliar!G$1:G$300)/COUNTIF(RESPOSTAS!$C$2:$C$300,$B$78),2)=0,"",ROUND(SUMIF(RESPOSTAS!$C$2:$C$300,$B$78,Auxiliar!G$1:G$300)/COUNTIF(RESPOSTAS!$C$2:$C$300,$B$78),2)),"") | G78: =IFERROR(IF(ROUND(SUMIF(RESPOSTAS!$C$2:$C$300,$B$78,Auxiliar!H$1:H$300)/COUNTIF(RESPOSTAS!$C$2:$C$300,$B$78),2)=0,"",ROUND(SUMIF(RESPOSTAS!$C$2:$C$300,$B$78,Auxiliar!H$1:H$300)/COUNTIF(RESPOSTAS!$C$2:$C$300,$B$78),2)),"") | H78: =IFERROR(IF(ROUND(SUMIF(RESPOSTAS!$C$2:$C$300,$B$78,Auxiliar!I$1:I$300)/COUNTIF(RESPOSTAS!$C$2:$C$300,$B$78),2)=0,"",ROUND(SUMIF(RESPOSTAS!$C$2:$C$300,$B$78,Auxiliar!I$1:I$300)/COUNTIF(RESPOSTAS!$C$2:$C$300,$B$78),2)),"") | I78: =IFERROR(IF(ROUND(SUMIF(RESPOSTAS!$C$2:$C$300,$B$78,Auxiliar!J$1:J$300)/COUNTIF(RESPOSTAS!$C$2:$C$300,$B$78),2)=0,"",ROUND(SUMIF(RESPOSTAS!$C$2:$C$300,$B$78,Auxiliar!J$1:J$300)/COUNTIF(RESPOSTAS!$C$2:$C$300,$B$78),2)),"") | J78: =IFERROR(IF(ROUND(SUMIF(RESPOSTAS!$C$2:$C$300,$B$78,Auxiliar!K$1:K$300)/COUNTIF(RESPOSTAS!$C$2:$C$300,$B$78),2)=0,"",ROUND(SUMIF(RESPOSTAS!$C$2:$C$300,$B$78,Auxiliar!K$1:K$300)/COUNTIF(RESPOSTAS!$C$2:$C$300,$B$78),2)),"") | ... AQ78: =IFERROR(IF(ROUND(SUMIF(RESPOSTAS!$C$2:$C$300,$B$78,Auxiliar!AR$1:AR$300)/COUNTIF(RESPOSTAS!$C$2:$C$300,$B$78),2)=0,"",ROUND(SUMIF(RESPOSTAS!$C$2:$C$300,$B$78,Auxiliar!AR$1:AR$300)/COUNTIF(RESPOSTAS!$C$2:$C$300,$B$78),2)),"")
A79: =IFERROR(IF(ROUND(AVERAGE(C79:AQ79,COUNT(C79:AQ79)),2)=0,"",ROUND(AVERAGE(C79:AQ79,COUNT(C79:AQ79)),2)),"") | C79: =IFERROR(IF(ROUND(SUMIF(RESPOSTAS!$C$2:$C$300,$B$79,Auxiliar!D$1:D$300)/COUNTIF(RESPOSTAS!$C$2:$C$300,$B$79),2)=0,"",ROUND(SUMIF(RESPOSTAS!$C$2:$C$300,$B$79,Auxiliar!D$1:D$300)/COUNTIF(RESPOSTAS!$C$2:$C$300,$B$79),2)),"") | D79: =IFERROR(IF(ROUND(SUMIF(RESPOSTAS!$C$2:$C$300,$B$79,Auxiliar!E$1:E$300)/COUNTIF(RESPOSTAS!$C$2:$C$300,$B$79),2)=0,"",ROUND(SUMIF(RESPOSTAS!$C$2:$C$300,$B$79,Auxiliar!E$1:E$300)/COUNTIF(RESPOSTAS!$C$2:$C$300,$B$79),2)),"") | E79: =IFERROR(IF(ROUND(SUMIF(RESPOSTAS!$C$2:$C$300,$B$79,Auxiliar!F$1:F$300)/COUNTIF(RESPOSTAS!$C$2:$C$300,$B$79),2)=0,"",ROUND(SUMIF(RESPOSTAS!$C$2:$C$300,$B$79,Auxiliar!F$1:F$300)/COUNTIF(RESPOSTAS!$C$2:$C$300,$B$79),2)),"") | F79: =IFERROR(IF(ROUND(SUMIF(RESPOSTAS!$C$2:$C$300,$B$79,Auxiliar!G$1:G$300)/COUNTIF(RESPOSTAS!$C$2:$C$300,$B$79),2)=0,"",ROUND(SUMIF(RESPOSTAS!$C$2:$C$300,$B$79,Auxiliar!G$1:G$300)/COUNTIF(RESPOSTAS!$C$2:$C$300,$B$79),2)),"") | G79: =IFERROR(IF(ROUND(SUMIF(RESPOSTAS!$C$2:$C$300,$B$79,Auxiliar!H$1:H$300)/COUNTIF(RESPOSTAS!$C$2:$C$300,$B$79),2)=0,"",ROUND(SUMIF(RESPOSTAS!$C$2:$C$300,$B$79,Auxiliar!H$1:H$300)/COUNTIF(RESPOSTAS!$C$2:$C$300,$B$79),2)),"") | H79: =IFERROR(IF(ROUND(SUMIF(RESPOSTAS!$C$2:$C$300,$B$79,Auxiliar!I$1:I$300)/COUNTIF(RESPOSTAS!$C$2:$C$300,$B$79),2)=0,"",ROUND(SUMIF(RESPOSTAS!$C$2:$C$300,$B$79,Auxiliar!I$1:I$300)/COUNTIF(RESPOSTAS!$C$2:$C$300,$B$79),2)),"") | I79: =IFERROR(IF(ROUND(SUMIF(RESPOSTAS!$C$2:$C$300,$B$79,Auxiliar!J$1:J$300)/COUNTIF(RESPOSTAS!$C$2:$C$300,$B$79),2)=0,"",ROUND(SUMIF(RESPOSTAS!$C$2:$C$300,$B$79,Auxiliar!J$1:J$300)/COUNTIF(RESPOSTAS!$C$2:$C$300,$B$79),2)),"") | J79: =IFERROR(IF(ROUND(SUMIF(RESPOSTAS!$C$2:$C$300,$B$79,Auxiliar!K$1:K$300)/COUNTIF(RESPOSTAS!$C$2:$C$300,$B$79),2)=0,"",ROUND(SUMIF(RESPOSTAS!$C$2:$C$300,$B$79,Auxiliar!K$1:K$300)/COUNTIF(RESPOSTAS!$C$2:$C$300,$B$79),2)),"") | ... AQ79: =IFERROR(IF(ROUND(SUMIF(RESPOSTAS!$C$2:$C$300,$B$79,Auxiliar!AR$1:AR$300)/COUNTIF(RESPOSTAS!$C$2:$C$300,$B$79),2)=0,"",ROUND(SUMIF(RESPOSTAS!$C$2:$C$300,$B$79,Auxiliar!AR$1:AR$300)/COUNTIF(RESPOSTAS!$C$2:$C$300,$B$79),2)),"")
A80: =IFERROR(IF(ROUND(AVERAGE(C80:AQ80,COUNT(C80:AQ80)),2)=0,"",ROUND(AVERAGE(C80:AQ80,COUNT(C80:AQ80)),2)),"") | C80: =IFERROR(IF(ROUND(SUMIF(RESPOSTAS!$C$2:$C$300,$B$80,Auxiliar!D$1:D$300)/COUNTIF(RESPOSTAS!$C$2:$C$300,$B$80),2)=0,"",ROUND(SUMIF(RESPOSTAS!$C$2:$C$300,$B$80,Auxiliar!D$1:D$300)/COUNTIF(RESPOSTAS!$C$2:$C$300,$B$80),2)),"") | D80: =IFERROR(IF(ROUND(SUMIF(RESPOSTAS!$C$2:$C$300,$B$80,Auxiliar!E$1:E$300)/COUNTIF(RESPOSTAS!$C$2:$C$300,$B$80),2)=0,"",ROUND(SUMIF(RESPOSTAS!$C$2:$C$300,$B$80,Auxiliar!E$1:E$300)/COUNTIF(RESPOSTAS!$C$2:$C$300,$B$80),2)),"") | E80: =IFERROR(IF(ROUND(SUMIF(RESPOSTAS!$C$2:$C$300,$B$80,Auxiliar!F$1:F$300)/COUNTIF(RESPOSTAS!$C$2:$C$300,$B$80),2)=0,"",ROUND(SUMIF(RESPOSTAS!$C$2:$C$300,$B$80,Auxiliar!F$1:F$300)/COUNTIF(RESPOSTAS!$C$2:$C$300,$B$80),2)),"") | F80: =IFERROR(IF(ROUND(SUMIF(RESPOSTAS!$C$2:$C$300,$B$80,Auxiliar!G$1:G$300)/COUNTIF(RESPOSTAS!$C$2:$C$300,$B$80),2)=0,"",ROUND(SUMIF(RESPOSTAS!$C$2:$C$300,$B$80,Auxiliar!G$1:G$300)/COUNTIF(RESPOSTAS!$C$2:$C$300,$B$80),2)),"") | G80: =IFERROR(IF(ROUND(SUMIF(RESPOSTAS!$C$2:$C$300,$B$80,Auxiliar!H$1:H$300)/COUNTIF(RESPOSTAS!$C$2:$C$300,$B$80),2)=0,"",ROUND(SUMIF(RESPOSTAS!$C$2:$C$300,$B$80,Auxiliar!H$1:H$300)/COUNTIF(RESPOSTAS!$C$2:$C$300,$B$80),2)),"") | H80: =IFERROR(IF(ROUND(SUMIF(RESPOSTAS!$C$2:$C$300,$B$80,Auxiliar!I$1:I$300)/COUNTIF(RESPOSTAS!$C$2:$C$300,$B$80),2)=0,"",ROUND(SUMIF(RESPOSTAS!$C$2:$C$300,$B$80,Auxiliar!I$1:I$300)/COUNTIF(RESPOSTAS!$C$2:$C$300,$B$80),2)),"") | I80: =IFERROR(IF(ROUND(SUMIF(RESPOSTAS!$C$2:$C$300,$B$80,Auxiliar!J$1:J$300)/COUNTIF(RESPOSTAS!$C$2:$C$300,$B$80),2)=0,"",ROUND(SUMIF(RESPOSTAS!$C$2:$C$300,$B$80,Auxiliar!J$1:J$300)/COUNTIF(RESPOSTAS!$C$2:$C$300,$B$80),2)),"") | J80: =IFERROR(IF(ROUND(SUMIF(RESPOSTAS!$C$2:$C$300,$B$80,Auxiliar!K$1:K$300)/COUNTIF(RESPOSTAS!$C$2:$C$300,$B$80),2)=0,"",ROUND(SUMIF(RESPOSTAS!$C$2:$C$300,$B$80,Auxiliar!K$1:K$300)/COUNTIF(RESPOSTAS!$C$2:$C$300,$B$80),2)),"") | ... AQ80: =IFERROR(IF(ROUND(SUMIF(RESPOSTAS!$C$2:$C$300,$B$80,Auxiliar!AR$1:AR$300)/COUNTIF(RESPOSTAS!$C$2:$C$300,$B$80),2)=0,"",ROUND(SUMIF(RESPOSTAS!$C$2:$C$300,$B$80,Auxiliar!AR$1:AR$300)/COUNTIF(RESPOSTAS!$C$2:$C$300,$B$80),2)),"")
A81: =IFERROR(IF(ROUND(AVERAGE(C81:AQ81,COUNT(C81:AQ81)),2)=0,"",ROUND(AVERAGE(C81:AQ81,COUNT(C81:AQ81)),2)),"") | C81: =IFERROR(IF(ROUND(SUMIF(RESPOSTAS!$C$2:$C$300,$B$81,Auxiliar!D$1:D$300)/COUNTIF(RESPOSTAS!$C$2:$C$300,$B$81),2)=0,"",ROUND(SUMIF(RESPOSTAS!$C$2:$C$300,$B$81,Auxiliar!D$1:D$300)/COUNTIF(RESPOSTAS!$C$2:$C$300,$B$81),2)),"") | D81: =IFERROR(IF(ROUND(SUMIF(RESPOSTAS!$C$2:$C$300,$B$81,Auxiliar!E$1:E$300)/COUNTIF(RESPOSTAS!$C$2:$C$300,$B$81),2)=0,"",ROUND(SUMIF(RESPOSTAS!$C$2:$C$300,$B$81,Auxiliar!E$1:E$300)/COUNTIF(RESPOSTAS!$C$2:$C$300,$B$81),2)),"") | E81: =IFERROR(IF(ROUND(SUMIF(RESPOSTAS!$C$2:$C$300,$B$81,Auxiliar!F$1:F$300)/COUNTIF(RESPOSTAS!$C$2:$C$300,$B$81),2)=0,"",ROUND(SUMIF(RESPOSTAS!$C$2:$C$300,$B$81,Auxiliar!F$1:F$300)/COUNTIF(RESPOSTAS!$C$2:$C$300,$B$81),2)),"") | F81: =IFERROR(IF(ROUND(SUMIF(RESPOSTAS!$C$2:$C$300,$B$81,Auxiliar!G$1:G$300)/COUNTIF(RESPOSTAS!$C$2:$C$300,$B$81),2)=0,"",ROUND(SUMIF(RESPOSTAS!$C$2:$C$300,$B$81,Auxiliar!G$1:G$300)/COUNTIF(RESPOSTAS!$C$2:$C$300,$B$81),2)),"") | G81: =IFERROR(IF(ROUND(SUMIF(RESPOSTAS!$C$2:$C$300,$B$81,Auxiliar!H$1:H$300)/COUNTIF(RESPOSTAS!$C$2:$C$300,$B$81),2)=0,"",ROUND(SUMIF(RESPOSTAS!$C$2:$C$300,$B$81,Auxiliar!H$1:H$300)/COUNTIF(RESPOSTAS!$C$2:$C$300,$B$81),2)),"") | H81: =IFERROR(IF(ROUND(SUMIF(RESPOSTAS!$C$2:$C$300,$B$81,Auxiliar!I$1:I$300)/COUNTIF(RESPOSTAS!$C$2:$C$300,$B$81),2)=0,"",ROUND(SUMIF(RESPOSTAS!$C$2:$C$300,$B$81,Auxiliar!I$1:I$300)/COUNTIF(RESPOSTAS!$C$2:$C$300,$B$81),2)),"") | I81: =IFERROR(IF(ROUND(SUMIF(RESPOSTAS!$C$2:$C$300,$B$81,Auxiliar!J$1:J$300)/COUNTIF(RESPOSTAS!$C$2:$C$300,$B$81),2)=0,"",ROUND(SUMIF(RESPOSTAS!$C$2:$C$300,$B$81,Auxiliar!J$1:J$300)/COUNTIF(RESPOSTAS!$C$2:$C$300,$B$81),2)),"") | J81: =IFERROR(IF(ROUND(SUMIF(RESPOSTAS!$C$2:$C$300,$B$81,Auxiliar!K$1:K$300)/COUNTIF(RESPOSTAS!$C$2:$C$300,$B$81),2)=0,"",ROUND(SUMIF(RESPOSTAS!$C$2:$C$300,$B$81,Auxiliar!K$1:K$300)/COUNTIF(RESPOSTAS!$C$2:$C$300,$B$81),2)),"") | ... AQ81: =IFERROR(IF(ROUND(SUMIF(RESPOSTAS!$C$2:$C$300,$B$81,Auxiliar!AR$1:AR$300)/COUNTIF(RESPOSTAS!$C$2:$C$300,$B$81),2)=0,"",ROUND(SUMIF(RESPOSTAS!$C$2:$C$300,$B$81,Auxiliar!AR$1:AR$300)/COUNTIF(RESPOSTAS!$C$2:$C$300,$B$81),2)),"")
A82: =IFERROR(IF(ROUND(AVERAGE(C82:AQ82,COUNT(C82:AQ82)),2)=0,"",ROUND(AVERAGE(C82:AQ82,COUNT(C82:AQ82)),2)),"") | C82: =IFERROR(IF(ROUND(SUMIF(RESPOSTAS!$C$2:$C$300,$B$82,Auxiliar!D$1:D$300)/COUNTIF(RESPOSTAS!$C$2:$C$300,$B$82),2)=0,"",ROUND(SUMIF(RESPOSTAS!$C$2:$C$300,$B$82,Auxiliar!D$1:D$300)/COUNTIF(RESPOSTAS!$C$2:$C$300,$B$82),2)),"") | D82: =IFERROR(IF(ROUND(SUMIF(RESPOSTAS!$C$2:$C$300,$B$82,Auxiliar!E$1:E$300)/COUNTIF(RESPOSTAS!$C$2:$C$300,$B$82),2)=0,"",ROUND(SUMIF(RESPOSTAS!$C$2:$C$300,$B$82,Auxiliar!E$1:E$300)/COUNTIF(RESPOSTAS!$C$2:$C$300,$B$82),2)),"") | E82: =IFERROR(IF(ROUND(SUMIF(RESPOSTAS!$C$2:$C$300,$B$82,Auxiliar!F$1:F$300)/COUNTIF(RESPOSTAS!$C$2:$C$300,$B$82),2)=0,"",ROUND(SUMIF(RESPOSTAS!$C$2:$C$300,$B$82,Auxiliar!F$1:F$300)/COUNTIF(RESPOSTAS!$C$2:$C$300,$B$82),2)),"") | F82: =IFERROR(IF(ROUND(SUMIF(RESPOSTAS!$C$2:$C$300,$B$82,Auxiliar!G$1:G$300)/COUNTIF(RESPOSTAS!$C$2:$C$300,$B$82),2)=0,"",ROUND(SUMIF(RESPOSTAS!$C$2:$C$300,$B$82,Auxiliar!G$1:G$300)/COUNTIF(RESPOSTAS!$C$2:$C$300,$B$82),2)),"") | G82: =IFERROR(IF(ROUND(SUMIF(RESPOSTAS!$C$2:$C$300,$B$82,Auxiliar!H$1:H$300)/COUNTIF(RESPOSTAS!$C$2:$C$300,$B$82),2)=0,"",ROUND(SUMIF(RESPOSTAS!$C$2:$C$300,$B$82,Auxiliar!H$1:H$300)/COUNTIF(RESPOSTAS!$C$2:$C$300,$B$82),2)),"") | H82: =IFERROR(IF(ROUND(SUMIF(RESPOSTAS!$C$2:$C$300,$B$82,Auxiliar!I$1:I$300)/COUNTIF(RESPOSTAS!$C$2:$C$300,$B$82),2)=0,"",ROUND(SUMIF(RESPOSTAS!$C$2:$C$300,$B$82,Auxiliar!I$1:I$300)/COUNTIF(RESPOSTAS!$C$2:$C$300,$B$82),2)),"") | I82: =IFERROR(IF(ROUND(SUMIF(RESPOSTAS!$C$2:$C$300,$B$82,Auxiliar!J$1:J$300)/COUNTIF(RESPOSTAS!$C$2:$C$300,$B$82),2)=0,"",ROUND(SUMIF(RESPOSTAS!$C$2:$C$300,$B$82,Auxiliar!J$1:J$300)/COUNTIF(RESPOSTAS!$C$2:$C$300,$B$82),2)),"") | J82: =IFERROR(IF(ROUND(SUMIF(RESPOSTAS!$C$2:$C$300,$B$82,Auxiliar!K$1:K$300)/COUNTIF(RESPOSTAS!$C$2:$C$300,$B$82),2)=0,"",ROUND(SUMIF(RESPOSTAS!$C$2:$C$300,$B$82,Auxiliar!K$1:K$300)/COUNTIF(RESPOSTAS!$C$2:$C$300,$B$82),2)),"") | ... AQ82: =IFERROR(IF(ROUND(SUMIF(RESPOSTAS!$C$2:$C$300,$B$82,Auxiliar!AR$1:AR$300)/COUNTIF(RESPOSTAS!$C$2:$C$300,$B$82),2)=0,"",ROUND(SUMIF(RESPOSTAS!$C$2:$C$300,$B$82,Auxiliar!AR$1:AR$300)/COUNTIF(RESPOSTAS!$C$2:$C$300,$B$82),2)),"")
A83: =IFERROR(IF(ROUND(AVERAGE(C83:AQ83,COUNT(C83:AQ83)),2)=0,"",ROUND(AVERAGE(C83:AQ83,COUNT(C83:AQ83)),2)),"") | C83: =IFERROR(IF(ROUND(SUMIF(RESPOSTAS!$C$2:$C$300,$B$83,Auxiliar!D$1:D$300)/COUNTIF(RESPOSTAS!$C$2:$C$300,$B$83),2)=0,"",ROUND(SUMIF(RESPOSTAS!$C$2:$C$300,$B$83,Auxiliar!D$1:D$300)/COUNTIF(RESPOSTAS!$C$2:$C$300,$B$83),2)),"") | D83: =IFERROR(IF(ROUND(SUMIF(RESPOSTAS!$C$2:$C$300,$B$83,Auxiliar!E$1:E$300)/COUNTIF(RESPOSTAS!$C$2:$C$300,$B$83),2)=0,"",ROUND(SUMIF(RESPOSTAS!$C$2:$C$300,$B$83,Auxiliar!E$1:E$300)/COUNTIF(RESPOSTAS!$C$2:$C$300,$B$83),2)),"") | E83: =IFERROR(IF(ROUND(SUMIF(RESPOSTAS!$C$2:$C$300,$B$83,Auxiliar!F$1:F$300)/COUNTIF(RESPOSTAS!$C$2:$C$300,$B$83),2)=0,"",ROUND(SUMIF(RESPOSTAS!$C$2:$C$300,$B$83,Auxiliar!F$1:F$300)/COUNTIF(RESPOSTAS!$C$2:$C$300,$B$83),2)),"") | F83: =IFERROR(IF(ROUND(SUMIF(RESPOSTAS!$C$2:$C$300,$B$83,Auxiliar!G$1:G$300)/COUNTIF(RESPOSTAS!$C$2:$C$300,$B$83),2)=0,"",ROUND(SUMIF(RESPOSTAS!$C$2:$C$300,$B$83,Auxiliar!G$1:G$300)/COUNTIF(RESPOSTAS!$C$2:$C$300,$B$83),2)),"") | G83: =IFERROR(IF(ROUND(SUMIF(RESPOSTAS!$C$2:$C$300,$B$83,Auxiliar!H$1:H$300)/COUNTIF(RESPOSTAS!$C$2:$C$300,$B$83),2)=0,"",ROUND(SUMIF(RESPOSTAS!$C$2:$C$300,$B$83,Auxiliar!H$1:H$300)/COUNTIF(RESPOSTAS!$C$2:$C$300,$B$83),2)),"") | H83: =IFERROR(IF(ROUND(SUMIF(RESPOSTAS!$C$2:$C$300,$B$83,Auxiliar!I$1:I$300)/COUNTIF(RESPOSTAS!$C$2:$C$300,$B$83),2)=0,"",ROUND(SUMIF(RESPOSTAS!$C$2:$C$300,$B$83,Auxiliar!I$1:I$300)/COUNTIF(RESPOSTAS!$C$2:$C$300,$B$83),2)),"") | I83: =IFERROR(IF(ROUND(SUMIF(RESPOSTAS!$C$2:$C$300,$B$83,Auxiliar!J$1:J$300)/COUNTIF(RESPOSTAS!$C$2:$C$300,$B$83),2)=0,"",ROUND(SUMIF(RESPOSTAS!$C$2:$C$300,$B$83,Auxiliar!J$1:J$300)/COUNTIF(RESPOSTAS!$C$2:$C$300,$B$83),2)),"") | J83: =IFERROR(IF(ROUND(SUMIF(RESPOSTAS!$C$2:$C$300,$B$83,Auxiliar!K$1:K$300)/COUNTIF(RESPOSTAS!$C$2:$C$300,$B$83),2)=0,"",ROUND(SUMIF(RESPOSTAS!$C$2:$C$300,$B$83,Auxiliar!K$1:K$300)/COUNTIF(RESPOSTAS!$C$2:$C$300,$B$83),2)),"") | ... AQ83: =IFERROR(IF(ROUND(SUMIF(RESPOSTAS!$C$2:$C$300,$B$83,Auxiliar!AR$1:AR$300)/COUNTIF(RESPOSTAS!$C$2:$C$300,$B$83),2)=0,"",ROUND(SUMIF(RESPOSTAS!$C$2:$C$300,$B$83,Auxiliar!AR$1:AR$300)/COUNTIF(RESPOSTAS!$C$2:$C$300,$B$83),2)),"")
A84: =IFERROR(IF(ROUND(AVERAGE(C84:AQ84,COUNT(C84:AQ84)),2)=0,"",ROUND(AVERAGE(C84:AQ84,COUNT(C84:AQ84)),2)),"") | C84: =IFERROR(IF(ROUND(SUMIF(RESPOSTAS!$C$2:$C$300,$B$84,Auxiliar!D$1:D$300)/COUNTIF(RESPOSTAS!$C$2:$C$300,$B$84),2)=0,"",ROUND(SUMIF(RESPOSTAS!$C$2:$C$300,$B$84,Auxiliar!D$1:D$300)/COUNTIF(RESPOSTAS!$C$2:$C$300,$B$84),2)),"") | D84: =IFERROR(IF(ROUND(SUMIF(RESPOSTAS!$C$2:$C$300,$B$84,Auxiliar!E$1:E$300)/COUNTIF(RESPOSTAS!$C$2:$C$300,$B$84),2)=0,"",ROUND(SUMIF(RESPOSTAS!$C$2:$C$300,$B$84,Auxiliar!E$1:E$300)/COUNTIF(RESPOSTAS!$C$2:$C$300,$B$84),2)),"") | E84: =IFERROR(IF(ROUND(SUMIF(RESPOSTAS!$C$2:$C$300,$B$84,Auxiliar!F$1:F$300)/COUNTIF(RESPOSTAS!$C$2:$C$300,$B$84),2)=0,"",ROUND(SUMIF(RESPOSTAS!$C$2:$C$300,$B$84,Auxiliar!F$1:F$300)/COUNTIF(RESPOSTAS!$C$2:$C$300,$B$84),2)),"") | F84: =IFERROR(IF(ROUND(SUMIF(RESPOSTAS!$C$2:$C$300,$B$84,Auxiliar!G$1:G$300)/COUNTIF(RESPOSTAS!$C$2:$C$300,$B$84),2)=0,"",ROUND(SUMIF(RESPOSTAS!$C$2:$C$300,$B$84,Auxiliar!G$1:G$300)/COUNTIF(RESPOSTAS!$C$2:$C$300,$B$84),2)),"") | G84: =IFERROR(IF(ROUND(SUMIF(RESPOSTAS!$C$2:$C$300,$B$84,Auxiliar!H$1:H$300)/COUNTIF(RESPOSTAS!$C$2:$C$300,$B$84),2)=0,"",ROUND(SUMIF(RESPOSTAS!$C$2:$C$300,$B$84,Auxiliar!H$1:H$300)/COUNTIF(RESPOSTAS!$C$2:$C$300,$B$84),2)),"") | H84: =IFERROR(IF(ROUND(SUMIF(RESPOSTAS!$C$2:$C$300,$B$84,Auxiliar!I$1:I$300)/COUNTIF(RESPOSTAS!$C$2:$C$300,$B$84),2)=0,"",ROUND(SUMIF(RESPOSTAS!$C$2:$C$300,$B$84,Auxiliar!I$1:I$300)/COUNTIF(RESPOSTAS!$C$2:$C$300,$B$84),2)),"") | I84: =IFERROR(IF(ROUND(SUMIF(RESPOSTAS!$C$2:$C$300,$B$84,Auxiliar!J$1:J$300)/COUNTIF(RESPOSTAS!$C$2:$C$300,$B$84),2)=0,"",ROUND(SUMIF(RESPOSTAS!$C$2:$C$300,$B$84,Auxiliar!J$1:J$300)/COUNTIF(RESPOSTAS!$C$2:$C$300,$B$84),2)),"") | J84: =IFERROR(IF(ROUND(SUMIF(RESPOSTAS!$C$2:$C$300,$B$84,Auxiliar!K$1:K$300)/COUNTIF(RESPOSTAS!$C$2:$C$300,$B$84),2)=0,"",ROUND(SUMIF(RESPOSTAS!$C$2:$C$300,$B$84,Auxiliar!K$1:K$300)/COUNTIF(RESPOSTAS!$C$2:$C$300,$B$84),2)),"") | ... AQ84: =IFERROR(IF(ROUND(SUMIF(RESPOSTAS!$C$2:$C$300,$B$84,Auxiliar!AR$1:AR$300)/COUNTIF(RESPOSTAS!$C$2:$C$300,$B$84),2)=0,"",ROUND(SUMIF(RESPOSTAS!$C$2:$C$300,$B$84,Auxiliar!AR$1:AR$300)/COUNTIF(RESPOSTAS!$C$2:$C$300,$B$84),2)),"")
A85: =IFERROR(IF(ROUND(AVERAGE(C85:AQ85,COUNT(C85:AQ85)),2)=0,"",ROUND(AVERAGE(C85:AQ85,COUNT(C85:AQ85)),2)),"") | C85: =IFERROR(IF(ROUND(SUMIF(RESPOSTAS!$C$2:$C$300,$B$85,Auxiliar!D$1:D$300)/COUNTIF(RESPOSTAS!$C$2:$C$300,$B$85),2)=0,"",ROUND(SUMIF(RESPOSTAS!$C$2:$C$300,$B$85,Auxiliar!D$1:D$300)/COUNTIF(RESPOSTAS!$C$2:$C$300,$B$85),2)),"") | D85: =IFERROR(IF(ROUND(SUMIF(RESPOSTAS!$C$2:$C$300,$B$85,Auxiliar!E$1:E$300)/COUNTIF(RESPOSTAS!$C$2:$C$300,$B$85),2)=0,"",ROUND(SUMIF(RESPOSTAS!$C$2:$C$300,$B$85,Auxiliar!E$1:E$300)/COUNTIF(RESPOSTAS!$C$2:$C$300,$B$85),2)),"") | E85: =IFERROR(IF(ROUND(SUMIF(RESPOSTAS!$C$2:$C$300,$B$85,Auxiliar!F$1:F$300)/COUNTIF(RESPOSTAS!$C$2:$C$300,$B$85),2)=0,"",ROUND(SUMIF(RESPOSTAS!$C$2:$C$300,$B$85,Auxiliar!F$1:F$300)/COUNTIF(RESPOSTAS!$C$2:$C$300,$B$85),2)),"") | F85: =IFERROR(IF(ROUND(SUMIF(RESPOSTAS!$C$2:$C$300,$B$85,Auxiliar!G$1:G$300)/COUNTIF(RESPOSTAS!$C$2:$C$300,$B$85),2)=0,"",ROUND(SUMIF(RESPOSTAS!$C$2:$C$300,$B$85,Auxiliar!G$1:G$300)/COUNTIF(RESPOSTAS!$C$2:$C$300,$B$85),2)),"") | G85: =IFERROR(IF(ROUND(SUMIF(RESPOSTAS!$C$2:$C$300,$B$85,Auxiliar!H$1:H$300)/COUNTIF(RESPOSTAS!$C$2:$C$300,$B$85),2)=0,"",ROUND(SUMIF(RESPOSTAS!$C$2:$C$300,$B$85,Auxiliar!H$1:H$300)/COUNTIF(RESPOSTAS!$C$2:$C$300,$B$85),2)),"") | H85: =IFERROR(IF(ROUND(SUMIF(RESPOSTAS!$C$2:$C$300,$B$85,Auxiliar!I$1:I$300)/COUNTIF(RESPOSTAS!$C$2:$C$300,$B$85),2)=0,"",ROUND(SUMIF(RESPOSTAS!$C$2:$C$300,$B$85,Auxiliar!I$1:I$300)/COUNTIF(RESPOSTAS!$C$2:$C$300,$B$85),2)),"") | I85: =IFERROR(IF(ROUND(SUMIF(RESPOSTAS!$C$2:$C$300,$B$85,Auxiliar!J$1:J$300)/COUNTIF(RESPOSTAS!$C$2:$C$300,$B$85),2)=0,"",ROUND(SUMIF(RESPOSTAS!$C$2:$C$300,$B$85,Auxiliar!J$1:J$300)/COUNTIF(RESPOSTAS!$C$2:$C$300,$B$85),2)),"") | J85: =IFERROR(IF(ROUND(SUMIF(RESPOSTAS!$C$2:$C$300,$B$85,Auxiliar!K$1:K$300)/COUNTIF(RESPOSTAS!$C$2:$C$300,$B$85),2)=0,"",ROUND(SUMIF(RESPOSTAS!$C$2:$C$300,$B$85,Auxiliar!K$1:K$300)/COUNTIF(RESPOSTAS!$C$2:$C$300,$B$85),2)),"") | ... AQ85: =IFERROR(IF(ROUND(SUMIF(RESPOSTAS!$C$2:$C$300,$B$85,Auxiliar!AR$1:AR$300)/COUNTIF(RESPOSTAS!$C$2:$C$300,$B$85),2)=0,"",ROUND(SUMIF(RESPOSTAS!$C$2:$C$300,$B$85,Auxiliar!AR$1:AR$300)/COUNTIF(RESPOSTAS!$C$2:$C$300,$B$85),2)),"")
